,url,duration
1,4iORuByyRmA,180
2,y2frxNQgsOQ,181
3,y2frxNQgsOQ,182
4,wtqzSTi4zQQ,183
5,wtqzSTi4zQQ,184
6,J2I2vQQwiyE,185
7,xwuyBTTuUrQ,186
8,tPSBj4Quuwk,187
9,HPlBcPvJQew,188
10,vqlcBxgYnFo,189
11,vqlcBxgYnFo,190
12,Zx_iiQAH-Tw,191
13,uawO3-tjP1c,192
14,uawO3-tjP1c,193
15,xepkylNIenw,194
16,xepkylNIenw,195
17,krqmxbffbTE,196
18,t-3-guBJswY,197
19,t-3-guBJswY,198
20,ZSv1iiT3jlc,199
21,HduubRTdko4,200
22,yRQ1QZs7Q0w,201
23,AedxizpHQ4A,202
24,J_QEigiJcsQ,203
25,J_QEigiJcsQ,204
26,yFfcsmK2TOA,205
27,z2bqfIdTtwE,206
28,z2bqfIdTtwE,207
29,tk2O_dPRSqw,208
30,u-oIZfasENg,209
31,u-oIZfasENg,210
32,cdnOG2TQwHA,211
33,ahBmRREpqiI,212
34,ahBmRREpqiI,213
35,KEFs4o-uGEA,214
36,Q-GEwZGu_OA,215
37,Q-GEwZGu_OA,216
38,lZwt3xbuEJQ,217
39,bm-ummtKNOw,218
40,itBuZqROGoc,219
41,y_fzxkP1Ysc,220
42,ygHP___BmszQ,221
43,ygHP___BmszQ,222
44,e1cpwxneseQ,223
45,ompeR1pJlaQ,224
46,rbREmmg1wRc,225
47,aTwhiJfyoOE,226
48,aTwhiJfyoOE,227
49,rdIiiwhasyQ,228
50,rdIiiwhasyQ,229
51,zo1Hd3tozKs,230
52,evdgGExIgio,231
53,evdgGExIgio,232
54,xeTZz1dh3__w,233
55,uephBmkupvQ,234
56,uephBmkupvQ,235
57,xiuuKQroPHc,236
58,xiuuKQroPHc,237
59,lfGwR1gaQYo,238
60,t4gkmcmwBrw,239
62,sxssAArYRGA,240
63,sxssAArYRGA,241
64,obTE4aTynIo,242
65,obTE4aTynIo,243
66,3ucrwgmeBtk,244
67,OxwNHQplFpo,245
68,OxwNHQplFpo,246
69,pEoYAeJ__gOk,247
70,m2cOKpkvN2c,248
71,oueYkBT22Pw,249
72,zYsPTBq2aEw,250
73,zYsPTBq2aEw,251
74,wivuhAAxlec,252
75,wivuhAAxlec,253
76,QRqiOaiwteE,254
77,yPwOl5BIjos,255
78,vx2Q1Nas1Qs,256
79,vx2Q1Nas1Qs,257
80,mmQ1akRwxBs,258
81,-bcANEglbI,259
82,-bcANEglbI,260
83,uxzBq4Y__fNw,261
84,v__xPZuAfg1k,262
85,edHesrFRpQg,263
86,edHesrFRpQg,264
87,tpmAholHR1w,265
88,xsJopwNT2fs,266
89,xsJopwNT2fs,267
90,hZARIbmubgo,268
91,zydZQOR__lwQ,269
92,ccQAgyqxqQQ,270
93,ccQAgyqxqQQ,271
94,xGcyrucn3fI,272
95,xGcyrucn3fI,273
96,jJdZJ1GwjxA,274
97,jJdZJ1GwjxA,275
98,dSxxsnOc3w0,276
99,ugcPtZyxZ6E,277
100,zW8fpEOOw0w,278
101,zW8fpEOOw0w,279
102,cyTxxEhS4uc,280
103,OGkQQ__q__HYg,281
104,OGkQQ__q__HYg,282
105,wP-O4JlKclc,283
106,w-s3NTuw-To,284
107,w-s3NTuw-To,285
108,vNExj-bJIgs,286
109,vNExj-bJIgs,287
110,bxbPOqJBjFo,288
111,bxbPOqJBjFo,289
112,zpu2JwTxf__o,290
113,zpu2JwTxf__o,291
114,xohyFEGR2hg,292
115,sEZ__dHGN4yw,293
116,stsnuh3kFGE,294
117,uukzTxpfYyg,295
118,uukzTxpfYyg,296
119,vgSbuFawtfw,297
120,vgSbuFawtfw,298
121,wnO0H8sBgRY,299
123,-___drvG3kKw,300
124,Bbl-AnunGpc,301
125,Bbl-AnunGpc,302
126,lnFHlfwRSys,303
127,cTAntdHvbYw,304
128,cTAntdHvbYw,305
129,zEhfHOZQjoc,306
130,zEhfHOZQjoc,307
131,b4vmFxGpvuc,308
132,b4vmFxGpvuc,309
133,kA4bGJmAEhc,310
134,acmwKwchOPg,311
135,acmwKwchOPg,312
136,uKzp__cyvwv4,313
137,jiEvibbf-hI,314
138,jiEvibbf-hI,315
139,ZqcSccSchg,316
140,iskjEgwj4uQ,317
141,bwBQPpGPves,318
142,bwBQPpGPves,319
143,bAff-sGw-Kk,320
144,PjF11baJ2ew,321
145,z__e1slzjAow,322
146,z__e1slzjAow,323
147,zd1hk3vxwZU,324
148,wpbsaypZlhg,325
149,wpbsaypZlhg,326
150,eyupkrpm1oc,327
151,GowJeGcf__Kk,328
152,OtKmFttytQ,329
153,pOQfqiEdKKw,330
154,pOQfqiEdKKw,331
155,djmec-Bweeg,332
156,djmec-Bweeg,333
157,wBytqPGninQ,334
158,wBytqPGninQ,335
159,yTOaO2T2lPA,336
160,uff1toooAxk,337
161,nduA4gTkKgc,338
162,ltfPxiTGauk,339
163,ltfPxiTGauk,340
164,RAimv4eiwxs,341
165,ylcscJNBm__Y,342
166,ylcscJNBm__Y,343
167,gjQ4vaYySkw,344
168,gjQ4vaYySkw,345
169,ysjYp1NBFyw,346
170,ysjYp1NBFyw,347
171,rudzYPHuewc,348
172,qo3iQvnisTk,349
173,hslYEQ-Rx1s,350
174,PrJJdJummvA,351
175,wFPvPA1afrQ,352
176,wFPvPA1afrQ,353
177,uw4Ikdcjpgg,354
178,Nau-vgnHuHA,355
179,Nau-vgnHuHA,356
180,PyPf-KsGqjs,357
181,neHuNY-w2fg,358
182,igtvbriAYmc,359
184,igtvbriAYmc,360
185,fJaEmBTZj_s,361
186,OeHlFSiTAPk,362
187,OeHlFSiTAPk,363
188,yKb_hZQFgKA,364
189,yKb_hZQFgKA,365
190,hcEk_zmwImg,366
191,prt1bk2B-gs,367
192,ebTrld_dRpA,368
193,pKwsPBeSiOc,369
194,pKwsPBeSiOc,370
195,mlqAvhjxAjo,371
196,mlqAvhjxAjo,372
197,sPcghmmjxio,373
198,sPcghmmjxio,374
199,GcHOn-EEiBc,375
200,kGp_vJq-2aw,376
201,cT-jGQ2bpgg,377
202,gQSabq2fGhY,378
203,oQbOHPHwPxQ,379
204,oQbOHPHwPxQ,380
205,cglhnfbbSdg,381
206,cglhnfbbSdg,382
207,kkbbeWggqsQ,383
208,o-swhAjntvA,384
209,o-swhAjntvA,385
210,xp1u2RlpoxQ,386
211,QtsElPKywqg,387
212,QtsElPKywqg,388
213,kg1_uS_bZig,389
214,kg1_uS_bZig,390
215,PKtnafFtfEo,391
216,NfOAAf4kFOo,392
217,auHEjieszAo,393
218,qoxjzGypOAA,394
219,wQidAZQhxbA,395
220,wQidAZQhxbA,396
221,KoTfcR2QKGs,397
222,vu_Busuilos,398
223,yqaQJ_tmbPA,399
224,yqaQJ_tmbPA,400
225,wdiolszkeio,401
226,wdiolszkeio,402
227,zS4mavnAaiQ,403
228,codpbgGpcqQ,404
229,codpbgGpcqQ,405
230,NffmujESqNw,406
231,O3GBsa1-dKs,407
232,O3GBsa1-dKs,408
233,o2rn1bwHHRE,409
234,qh-hkHuc_wE,410
235,qh-hkHuc_wE,411
236,fpaxvjFh-qA,412
237,EqHKcpvxllc,413
238,hgZelygG_qY,414
239,hgZelygG_qY,415
240,rekcqRG1wmY,416
241,GtQPsyEHHZQ,417
242,GtQPsyEHHZQ,418
243,YHrbH2dQHEc,419
245,YHrbH2dQHEc,420
246,x5KeK3ARrPY,421
247,cofteQs2RyA,422
248,cofteQs2RyA,423
249,j-gtbGpTteQ,424
250,j-gtbGpTteQ,425
251,lSs-ubhPGQE,426
252,lSs-ubhPGQE,427
253,QBbelnfEeHE,428
254,s__alotsHliA,429
255,s__alotsHliA,430
256,sPBJihaYspg,431
257,sPBJihaYspg,432
258,bfFfvgqtoyE,433
259,GTtce3rJxhc,434
260,ooBvzeguzBc,435
261,ooBvzeguzBc,436
262,dtNbOpGOjmw,437
263,dtNbOpGOjmw,438
264,hGiNRlmpids,439
265,hGiNRlmpids,440
266,QdJzibQuyHE,441
267,wwr6EgxeevE,442
268,ayh__QbtJftI,443
269,ayh__QbtJftI,444
270,sfP1OqtggSk,445
271,fbxyqeIylHE,446
272,ttldaEHlZZs,447
273,ttldaEHlZZs,448
274,IgRrcpwwzE4,449
275,IgRrcpwwzE4,450
276,khOZ__EtkhOY,451
277,khOZ__EtkhOY,452
278,eeeGsxpOjNQ,453
279,vw2uOljxgTA,454
280,vw2uOljxgTA,455
281,yyyhxRztamE,456
282,yyyhxRztamE,457
283,zRyHGy4rFqY,458
284,zRyHGy4rFqY,459
285,QjealGtlKjQ,460
286,suN__4cZN-ao,461
287,suN__4cZN-ao,462
288,To4xdjsxQAg,463
289,Nev2-f2cfjo,464
290,jG-zo__oA2jo,465
291,jG-zo__oA2jo,466
292,ryFvH4Ejaxo,467
293,ryFvH4Ejaxo,468
294,d1kwJtkFtwA,469
295,kiTTAbeqQKY,470
296,kiTTAbeqQKY,471
297,QPhcbZriB4o,472
298,bdiGlNbz__Qc,473
299,bdiGlNbz__Qc,474
300,l__GAF__fy2SA,475
301,l__GAF__fy2SA,476
302,nYcnhe__y21g,477
303,nYcnhe__y21g,478
304,ZqGesno__FiQ,479
306,TZOmpbGz-vs,480
307,qommxIcfoos,481
308,qommxIcfoos,482
309,JxvG4rBQePs,483
310,dnFSRNgtH2Q,484
311,dnFSRNgtH2Q,485
312,-pFKsqGyu__s,486
313,-pFKsqGyu__s,487
314,1tseQzv3__IE,488
315,wNN-TRirvHY,489
316,wNN-TRirvHY,490
317,bthHZpjdJi4,491
318,bthHZpjdJi4,492
319,qrfnaR4adiI,493
320,qrfnaR4adiI,494
321,p1sZ–__aAPA,495
322,p1sZ–__aAPA,496
323,KFwOQ4__nv-c,497
324,ZEwAkZq1ZsA,498
325,ZEwAkZq1ZsA,499
326,SfJc-FB4dbQ,500
327,hYJJHvwitfE,501
328,hYJJHvwitfE,502
329,QBgqntNfsTo,503
330,QBgqntNfsTo,504
331,HQavntn-snc,505
332,dvq-ixRvwGA,506
333,dvq-ixRvwGA,507
334,bZ2Fxmxpots,508
335,bZ2Fxmxpots,509
336,hgfzxaFOyqw,510
337,hgfzxaFOyqw,511
338,brcBPJj2Qgw,512
339,xeK-B4iPxvo,513
340,bqtqltqcQhw,514
341,bqtqltqcQhw,515
342,OBGFxlkfOdE,516
343,OBGFxlkfOdE,517
344,gAEOeYkfG_w,518
345,gAEOeYkfG_w,519
346,lJJvcG4__vSA,520
347,Ymqkj3hlqGA,521
348,Ymqkj3hlqGA,522
349,szE4qGfdHzE,523
350,szE4qGfdHzE,524
351,lROkdtcGFHw,525
352,mQqRtaoyAdw,526
353,mQqRtaoyAdw,527
354,RGhydvSY__Aw,528
355,RGhydvSY__Aw,529
356,FgvATdNQeOc,530
357,FgvATdNQeOc,531
358,FtBfPQymvdE,532
359,FtBfPQymvdE,533
360,u3qbwIl1l-Q,534
361,u3qbwIl1l-Q,535
362,haaqZflhemo,536
363,vwuQPfvSSlo,537
364,vwuQPfvSSlo,538
365,qroAEArkSPk,539
367,qroAEArkSPk,540
368,ia___-tHQPvc,541
369,ia___-tHQPvc,542
370,lhAgaRzAEGg,543
371,xPEjZYQaxus,544
372,iwTOEASFyfk,545
373,iwTOEASFyfk,546
374,qytSTZ__ebyQ,547
375,qytSTZ__ebyQ,548
376,osgjyexGTEo,549
377,osgjyexGTEo,550
378,dZbu__Qe-tdg,551
379,oT3uuggQqcg,552
380,roRHdPhvjao,553
381,roRHdPhvjao,554
382,dNxyFtqcNss,555
383,dNxyFtqcNss,556
384,johRpvcEmQc,557
385,johRpvcEmQc,558
386,paaz__y-v1eQ,559
387,paaz__y-v1eQ,560
388,fRouYd-o__Ew,561
389,fRouYd-o__Ew,562
390,cOmh__Yqpqts,563
391,yfTiSyiAj3k,564
392,yfTiSyiAj3k,565
393,va-YHeytvFQ,566
394,va-YHeytvFQ,567
395,tysZObbs4Yo,568
396,tQiiaFE1e-Y,569
397,qiNcEguuFSA,570
398,qiNcEguuFSA,571
399,mBbHfjoz1ow,572
400,iNuzxoz50ZE,573
401,j2__dJY__mIys,574
402,tK1npHenASc,575
403,sYiP-nqdwaA,576
404,sYiP-nqdwaA,577
405,RS__TrEbaizg,578
406,npTphztFoac,579
407,fGhp__dvtjQY,580
408,qkdBEwfQBxQ,581
409,qkdBEwfQBxQ,582
410,mxeqhcEbySw,583
411,mxeqhcEbySw,584
412,qpsuEjycnFo,585
413,ZlAd-KK__T-s,586
414,ohJPiBdbbbA,587
415,ohJPiBdbbbA,588
416,pvxe21suhGw,589
417,xlpqeREimKg,590
418,xlpqeREimKg,591
419,fjEB__wbemQA,592
420,fjEB__wbemQA,593
421,q-zcIvdJxoo,594
422,q-zcIvdJxoo,595
423,opRzhzxwamc,596
424,fh-pnqjnuyw,597
425,fh-pnqjnuyw,598
426,sBehb__Fa__qg,599
428,sBehb__Fa_qg,600
429,zg1HB_fPvtQ,601
430,pbxvhASkYwk,602
431,pbxvhASkYwk,603
432,wzziKyoo-ao,604
433,fdAeTdlBpw,605
434,fdAeTdlBpw,606
435,Al_xpzOZtgg,607
436,wpAwdsubl1w,608
437,pHTwllpq4oA,609
438,pHTwllpq4oA,610
439,vrjAIBgxm__w,611
440,vrjAIBgxm__w,612
441,vNlaEFc__qrg,613
442,vNlaEFc__qrg,614
443,qQ1celvPNzs,615
444,GTfyvmfTzzg,616
445,GTfyvmfTzzg,617
446,fmwZyqtmopY,618
447,fmwZyqtmopY,619
448,Ktbp-aoETEY,620
449,G__tqJoog-tY,621
450,vypvgkmZxkg,622
451,cjlpEtzxhTI,623
452,cjlpEtzxhTI,624
453,Av-jbmBPEgw,625
454,Av-jbmBPEgw,626
455,uTkQbSQpJew,627
456,uTkQbSQpJew,628
457,iFE1bkuBotk,629
458,ObOEc__J-mHE,630
459,ObOEc__J-mHE,631
460,F13ec-aTdRw,632
461,xAjjipdlrHQ,633
462,bOoHTxjJufY,634
463,bOoHTxjJufY,635
464,ywgKfdBmAfs,636
465,ywgKfdBmAfs,637
466,wvoQmf_Qplc,638
467,wvoQmf_Qplc,639
468,w-lhmbhnQc,640
469,fcARdYz1rrw,641
470,fcARdYz1rrw,642
471,r1aodO2-SEg,643
472,r1aodO2-SEg,644
473,nuATcGhzExE,645
474,zBn3bdNONnw,646
475,zBn3bdNONnw,647
476,yxzaFgu4__fE,648
477,yxzaFgu4__fE,649
478,RsvF_BcggPc,650
479,yeg__YGpxlik,651
480,yeg__YGpxlik,652
481,wAaov-ubjfE,653
482,wAaov-ubjfE,654
483,viiEHzz2EkA,655
484,viiEHzz2EkA,656
485,He1RzEIxptE,657
486,K2xjowl__iQE,658
487,sxtbcOEtpoE,659
489,sxtbcOEtpoE,660
490,wITJjjnyejg,661
491,wITJjjnyejg,662
492,lmrcqtbeppQ,663
493,lmrcqtbeppQ,664
494,wRPAqxJY3lo,665
495,yycbqNcvHE,666
496,yycbqNcvHE,667
497,uZuzsBHBmvQ,668
498,uZuzsBHBmvQ,669
499,tbqarAFGspE,670
500,tbqarAFGspE,671
501,uPZplwAtynw,672
502,vxF1osPkplA,673
503,iuuFivEbHus,674
504,iuuFivEbHus,675
505,F-wlKiaP-Go,676
506,qvdHvb_uR_Q,677
507,qvdHvb_uR_Q,678
508,byxEledFpEE,679
509,byxEledFpEE,680
510,pSatdrqfgjs,681
511,GrBFSNsfmo,682
512,iBjhQ4kddyI,683
513,oyrNH_megrs,684
514,v2Aeto_oxjg,685
515,vf_2eGRBllA,686
516,vf_2eGRBllA,687
517,TpeTyjhtkgg,688
518,nGylcQTShac,689
519,wEQvx-wpcrc,690
520,wEQvx-wpcrc,691
521,GlSqTuuvfdg,692
522,GlSqTuuvfdg,693
523,BQ-koxE_Q_Y,694
524,xcknq-wQn3E,695
525,JavlibhEfgA,696
526,JavlibhEfgA,697
527,NTicAwls-cA,698
528,NTicAwls-cA,699
529,mvw-ohFc_GY,700
530,mvw-ohFc_GY,701
531,JOpauE_EEjE,702
532,JOpauE_EEjE,703
533,steK1_mu1SE,704
534,tFRidwwRlJY,705
535,he_P_a_EbAk,706
536,he_P_a_EbAk,707
537,wxGRGpBaaAo,708
538,wxGRGpBaaAo,709
539,jfNyBYJxx2g,710
540,yjOx-dpY-_o,711
541,yjOx-dpY-_o,712
542,ljd-_rAay4A,713
543,ym1QkZgY3-w,714
544,ym1QkZgY3-w,715
545,wBgqAKxujkE,716
546,wBgqAKxujkE,717
547,EvwudGaJS4c,718
548,nBGOYJTEN2A,719
550,xdqQquPvKBQ,720
551,xdqQquPvKBQ,721
552,jNsPTgA4nds,722
553,i-FYgfgn4__k,723
554,pt4-OubbcJc,724
555,pt4-OubbcJc,725
556,htsjQHeFyTE,726
557,htsjQHeFyTE,727
558,fqyZ2SidAfY,728
559,teJcxglGzes,729
560,mYqSotmAkeg,730
561,mYqSotmAkeg,731
562,hsxz3uHPlOQ,732
563,t4OumncEiKo,733
564,t4OumncEiKo,734
565,qSQRx1gveFE,735
566,suhfO-m4QGY,736
567,suhfO-m4QGY,737
568,oFGggkdppco,738
569,taQtqlwpoRs,739
570,taQtqlwpoRs,740
571,gQwxngpah-s,741
572,gQwxngpah-s,742
573,eeklduOaEt8,743
574,ffutRhsopwo,744
575,ffutRhsopwo,745
576,vnfqhGPyOF4,746
577,v1dph3AJ-ck,747
578,v1dph3AJ-ck,748
579,PhtcaxqzFcA,749
580,PhtcaxqzFcA,750
581,nxNBKdKn-Ew,751
582,tfxdonEmtTc,752
583,tfxdonEmtTc,753
584,gjvkyHhhAyY,754
585,NaFeEcpxobA,755
586,NaFeEcpxobA,756
587,zzKpFHEqO4w,757
588,lvkwizbyBBY,758
589,zSdqfvwFGmQ,759
590,zSdqfvwFGmQ,760
591,wP1moQm40yE,761
592,kn4mpvbmdyw,762
593,kn4mpvbmdyw,763
594,xtkyztGmPQs,764
595,-HiGJJsghyA,765
596,-HiGJJsghyA,766
597,zkokOkg1piQ,767
598,ylbQeBpp3Qk,768
599,ylbQeBpp3Qk,769
600,jBuqOyGuGlA,770
601,jBuqOyGuGlA,771
602,gKxcjqgHiFo,772
603,zapJeJZvyAg,773
604,tvmFomyhEYs,774
605,tvmFomyhEYs,775
606,fj3iywbEb1Q,776
607,vqloAjgr3mo,777
608,yxuFZiwzHG4,778
609,uNq_Q-bgq_g,779
611,uNq_Q-bgq_g,780
612,oaJf2uxK_uA,781
613,q_yoh-KbqQY,782
614,q_yoh-KbqQY,783
615,xGiS2ZQirdo,784
616,y3GkxuJyYcs,785
617,y3GkxuJyYcs,786
618,kwSTiTkuhf4,787
619,whlRToeJ1bA,788
620,whlRToeJ1bA,789
621,PF-RHtRc2Go,790
622,PF-RHtRc2Go,791
623,Kl4oomaSllo,792
624,eqP1P1PQpJc,793
625,eqP1P1PQpJc,794
626,H-mJEc_2_Tg,795
627,A-eARjipxOE,796
628,PTtgupSquxg,797
629,PTtgupSquxg,798
630,G-aPgqpjGEc,799
631,G-aPgqpjGEc,800
632,xxSFFpeTpdQ,801
633,xxSFFpeTpdQ,802
634,oEmsYnkqFns,803
635,TibAhnZTAqg,804
636,TibAhnZTAqg,805
637,zH51oPE0Q-I,806
638,bwIlGZodBfw,807
639,bwIlGZodBfw,808
640,pZl2rOvRxsc,809
641,wSRcydgxkxg,810
642,wSRcydgxkxg,811
643,vhw_inkc-AE,812
644,zpvZJOOAbbA,813
645,zpvZJOOAbbA,814
646,-wrAwGKqeus,815
647,wStBid4mkno,816
648,x_uliInbqhk,817
649,x_uliInbqhk,818
650,hlGid_tskJk,819
651,wFHHjGkxFGY,820
652,wFHHjGkxFGY,821
653,zaumyfPx3Ao,822
654,zaumyfPx3Ao,823
655,Gv3ucNH1zYE,824
656,Gv3ucNH1zYE,825
657,ZcEAoZEoohE,826
658,ZcEAoZEoohE,827
659,oNxGFNaJByg,828
660,uZ4tdfqYxNs,829
661,udQRhdf4uQs,830
662,udQRhdf4uQs,831
663,ndK-itPSvBs,832
664,gykmon_em2A,833
665,p_xhAqbiz3A,834
666,yqdlruxh1tI,835
667,yhdmgjJ__QSE,836
668,yhdmgjJ__QSE,837
669,ebTEOGvnuwc,838
670,ebTEOGvnuwc,839
672,PvPTuiHcTyg,840
673,kvdu3GlqiAQ,841
674,miqZIZzHtwE,842
675,miqZIZzHtwE,843
676,evvumjwAvTQ,844
677,evvumjwAvTQ,845
678,vemghwoyAJI,846
679,vemghwoyAJI,847
680,zz1qITOyxSc,848
681,cGyyQfsvN-Y,849
682,cGyyQfsvN-Y,850
683,wSTxws1kAdo,851
684,wSTxws1kAdo,852
685,fmvdtJetwbQ,853
686,fmvdtJetwbQ,854
687,gsF-BQP-bQo,855
688,rrPhAsiRiQQ,856
689,rrPhAsiRiQQ,857
690,EigOKPTqpmQ,858
691,EigOKPTqpmQ,859
692,GBouxGf-T-w,860
693,qHPjiduaSEo,861
694,qHPjiduaSEo,862
695,ydt_pRraJOc,863
696,fPHQQzJPlhc,864
697,fPHQQzJPlhc,865
698,ce1udO-OGQA,866
699,NF1gdujhPls,867
700,Px4vnbuelxs,868
701,tGjoqjbOusg,869
702,tGjoqjbOusg,870
703,luRyhE2rwug,871
704,yu_aBPlGRBc,872
705,yu_aBPlGRBc,873
706,ExPqGQyJPJw,874
707,ExPqGQyJPJw,875
708,sitHTBQPsRc,876
709,sitHTBQPsRc,877
710,lAyGvbBxwhc,878
711,qciqozxAgaQ,879
712,qciqozxAgaQ,880
713,nsNynguyBGk,881
714,feOqpcJ-zTA,882
715,FzEewEh_EHw,883
716,FzEewEh_EHw,884
717,4_ayqZGs,885
718,TKPqu-wktBw,886
719,TKPqu-wktBw,887
720,31ojdfiHblA,888
721,nFElHizOHu4,889
722,fboozhIoyEw,890
723,lcYpf-_tqZc,891
724,lcYpf-_tqZc,892
725,xSdlAkwhEEk,893
726,xSdlAkwhEEk,894
727,-wxjxtxGYhk,895
728,BfPT4ixsxjA,896
729,yeZuyI1m2Jg,897
730,sffqPRiApSc,898
731,sffqPRiApSc,899
733,bHpmaF-qts,900
734,hegAK-TNNgg,901
735,cPivZQZpbfA,902
736,cPivZQZpbfA,903
737,wYxcdqyBl3c,904
738,EGhcZlE-4Hk,905
739,tsistTTK1YQ,906
740,tsistTTK1YQ,907
741,oEdhYqfs3hg,908
742,oEdhYqfs3hg,909
743,S-KZ4BbEKco,910
744,zuTd2fUxHyg,911
745,prakKhiPfvE,912
746,RoFSqtrivFs,913
747,RoFSqtrivFs,914
748,qeJ-undA__iI,915
749,duOFuPFbGGQ,916
750,duOFuPFbGGQ,917
751,Jdo2Kqusdw,918
752,Tv1QbjNyPJA,919
753,Ouivipy-ZNE,920
754,zJTJ3HYxySw,921
755,KkdBEBKuabk,922
756,olhcjYtFxmg,923
757,olhcjYtFxmg,924
758,emFaiNYr-dE,925
759,zwdvQbUhsq0,926
760,giOBEZvZQoE,927
761,giOBEZvZQoE,928
762,Pkl_lA1j_Eo,929
763,Pkl_lA1j_Eo,930
764,vwiOoTNvtBQ,931
765,vwiOoTNvtBQ,932
766,OlnmOBHwjNg,933
767,a2rKgybGP_w,934
768,rRrSaNH-R-A,935
769,rRrSaNH-R-A,936
770,cZGZYn2qq1Q,937
771,cZGZYn2qq1Q,938
772,seakAbF1Jfo,939
773,xzGBZudNwOY,940
774,xzGBZudNwOY,941
775,tfnFNvmwJxY,942
776,i-mwGpGvfjY,943
777,i-mwGpGvfjY,944
778,qTuF2ljzJlA,945
779,tS6m2kY-Epk,946
780,tS6m2kY-Epk,947
781,cf2T_Skq1xc,948
782,mGHmYgkmJFs,949
783,bEOEQYiGFGs,950
784,bEOEQYiGFGs,951
785,sveFnwpKmPw,952
786,r2mlfuaebxc,953
787,ibddibakbSs,954
788,ibddibakbSs,955
789,dAztcH-zZQg,956
790,SpRvSR__oJJ4,957
791,uPHlSrR1kbE,958
792,oyah-NEt_BY,959
794,oyah-NEt_BY,960
795,qcugnluNcfo,961
796,qcugnluNcfo,962
797,lakfertrSTQ,963
798,GlQBnTgGous,964
799,b-yQwvPetQY,965
800,b-yQwvPetQY,966
801,otolHzENH3w,967
802,otolHzENH3w,968
803,uly-adxeZGk,969
804,uly-adxeZGk,970
805,zeOmSyiJqq4,971
806,zeOmSyiJqq4,972
807,HmaTAbyR-zE,973
808,ds__qcOBjtio,974
809,ds__qcOBjtio,975
810,dkHyH__t3__Pg,976
811,dkHyH__t3__Pg,977
812,jjIHvGAGwQ4,978
813,jjIHvGAGwQ4,979
814,EanOeKoT___E,980
815,EanOeKoT___E,981
816,rtHwxdBaEoA,982
817,rtHwxdBaEoA,983
818,lz-aAipGlZE,984
819,qn3srYvQpbs,985
820,e2ZnNfl__aeE,986
821,whkmB2trAak,987
822,whkmB2trAak,988
823,ougmhvyA__d4,989
824,tIimjsilduE,990
825,tIimjsilduE,991
826,v2QuiEZilas,992
827,v2QuiEZilas,993
828,I31dZqBJsww,994
829,vSBqlplZEo,995
830,vSBqlplZEo,996
831,zjhhBdusfmY,997
832,xtu-3oecteo,998
833,xtu-3oecteo,999
834,rZlGStO__EPs,1000
835,rZlGStO__EPs,1001
836,laGttpuPnwQ,1002
837,laGttpuPnwQ,1003
838,jkcydFx__gYo,1004
839,zAyqABGsZqQ,1005
840,zAyqABGsZqQ,1006
841,qgqwHOwbnts,1007
842,phmPJqJwoec,1008
843,ob-oZqxtUus,1009
844,sNsSnwg2loE,1010
845,EjtpIBQ-__s,1011
846,EjtpIBQ-__s,1012
847,dEeYr__GGAdw,1013
848,dEeYr__GGAdw,1014
849,vtKiOZthsos,1015
850,msAitFgarpc,1016
851,msAitFgarpc,1017
852,i22rHpjBHjE,1018
853,u__melFtiOmQ,1019
855,u__melFtiOmQ,1020
856,p1mluujFcvc,1021
857,p1mluujFcvc,1022
858,yfmZ4ohlBGI,1023
859,yfmZ4ohlBGI,1024
860,GsK__bYcxjyE,1025
861,roq8cUcw__Hk,1026
862,yxx3Bkmv3ck,1027
863,lYHepOyyzm4,1028
864,lYHepOyyzm4,1029
865,v0m4ZF2qAQ0,1030
866,fcQQcpbkvJs,1031
867,fcQQcpbkvJs,1032
868,R_wIkowrET4,1033
869,jtIxpdbdHbE,1034
870,jtIxpdbdHbE,1035
871,-wwp_Zi_ezo,1036
872,-wwp_Zi_ezo,1037
873,gJbmR3I1iBs,1038
874,xsgguhFelKs,1039
875,xsgguhFelKs,1040
876,hTgxxmRvxyg,1041
877,OqQOaScdTJw,1042
878,EyTtBHlxIys,1043
879,EyTtBHlxIys,1044
880,zsoOuQStd-k,1045
881,1ocONrEwhlc,1046
882,ddzTZBfuaBY,1047
883,ddzTZBfuaBY,1048
884,QpQpsGrvlEY,1049
885,QpQpsGrvlEY,1050
886,wltEkq1BjTc,1051
887,sohfOvslPAs,1052
888,sohfOvslPAs,1053
889,rhedpNtqsQo,1054
890,rhedpNtqsQo,1055
891,BscAT__iQI1A,1056
892,oSkiN__sdg1Q,1057
893,wFhqqOE__dKg,1058
894,wFhqqOE__dKg,1059
895,w4kygohyojI,1060
896,Zbkil4kutwI,1061
897,Zbkil4kutwI,1062
898,vGP__ABzmk1g,1063
899,vGP__ABzmk1g,1064
900,qcuc3rgwZAE,1065
901,qcuc3rgwZAE,1066
902,fHJchOtb2__A,1067
903,fHJchOtb2__A,1068
904,yWZ4mdOhhuk,1069
905,h2yicpQqvds,1070
906,h2yicpQqvds,1071
907,govSEaEP4HA,1072
908,qkyPvhapxQs,1073
909,qkyPvhapxQs,1074
910,tvmFEPiyJPk,1075
911,qFHxkZdz4HA,1076
912,tcbfqfgqigo,1077
913,tcbfqfgqigo,1078
914,aQiab_-xtKg,1079
916,aQiab_-xtKg,1080
917,oBRt3ZAadBY,1081
918,swATo0S6PS0,1082
919,qQkb-BmSsQg,1083
920,qQkb-BmSsQg,1084
921,s3ihrKGvyrE,1085
922,sPiFysaglcs,1086
923,sPiFysaglcs,1087
924,lkbftbfHdKg,1088
925,rSob4c-1hEw,1089
926,dB4Jmyaooes,1090
927,sOBAdKipu4c,1091
928,aiAbwmzbGyA,1092
929,aiAbwmzbGyA,1093
930,eiA3byGTejA,1094
931,eiA3byGTejA,1095
932,ieOSRiRdG_c,1096
933,ieOSRiRdG_c,1097
934,bfevcsANSr4,1098
935,bfevcsANSr4,1099
936,zAP5dlvzqo0,1100
937,muvcqunRN6E,1101
938,uGtwBZ1vq2w,1102
939,uGtwBZ1vq2w,1103
940,sigIJw__-Aac,1104
941,sigIJw__-Aac,1105
942,kt3b-FvOTxo,1106
943,kwFkkrRHrQo,1107
944,xR2ZmPqG_-s,1108
945,xR2ZmPqG_-s,1109
946,kcgaKASuBqc,1110
947,kcgaKASuBqc,1111
948,ymi-oFkx_rQ,1112
949,qiBT–iZhIo,1113
950,qiBT–iZhIo,1114
951,oAopav-lHxE,1115
952,oAopav-lHxE,1116
953,G1wgGRcmxIE,1117
954,nb_qho0heJU,1118
955,zEwSPecezJY,1119
956,EvfqdqPloBQ,1120
957,EvfqdqPloBQ,1121
958,laQRlb4bnhs,1122
959,laQRlb4bnhs,1123
960,jQApnbths3o,1124
961,EzZiv-jt4Y,1125
962,aR_qwbBOxw,1126
963,aR_qwbBOxw,1127
964,ySzxfuHqilw,1128
965,ySzxfuHqilw,1129
966,tFtZ1jJqFfw,1130
967,ScsfxTgGkHQ,1131
968,tlS-SF_ctOQ,1132
969,tlS-SF_ctOQ,1133
970,OnsnZTYoe-c,1134
971,OnsnZTYoe-c,1135
972,vvw-8fnecwQ,1136
973,pxO3p-bJivo,1137
974,pxO3p-bJivo,1138
975,OKpwPljtEAE,1139
977,zoiwSs1inZE,1140
978,zoiwSs1inZE,1141
979,zAv3xfg_sfA,1142
980,zAv3xfg_sfA,1143
981,lvZABH3nuoc,1144
982,v-omnt_qPfk,1145
983,lPq_btcQiOE,1146
984,lPq_btcQiOE,1147
985,wZ3oGTHUesA,1148
986,e_cuRyq-mlc,1149
987,e_cuRyq-mlc,1150
988,EQQcOKfHpsQ,1151
989,EQQcOKfHpsQ,1152
990,ssHdFvOaz7A,1153
991,m-aayo7wgpo,1154
992,piFAQ4iPwgE,1155
993,yvf-AhkpyEo,1156
994,yvf-AhkpyEo,1157
995,zAqmGcH-izA,1158
996,zAqmGcH-izA,1159
997,qipkv3siQlo,1160
998,qipkv3siQlo,1161
999,GjbqybEAYfc,1162
1000,ovjcpbIGjBA,1163
1001,ovjcpbIGjBA,1164
1002,f4IZBffdGQk,1165
1003,dvY1jiftQFA,1166
1004,spsE1To_wjs,1167
1005,spsE1To_wjs,1168
1006,ev2obEw4IHk,1169
1007,wJxxZP-EjbE,1170
1008,PEhbRdQ-QyE,1171
1009,PEhbRdQ-QyE,1172
1010,lcmcgOvvER4,1173
1011,jIsq_fugwsE,1174
1012,jIsq_fugwsE,1175
1013,FkaFcvAyvmg,1176
1014,FkaFcvAyvmg,1177
1015,eZJgTYylglE,1178
1016,vwYoYtEBAlE,1179
1017,cwaZTg4hIoA,1180
1018,iA4Khfro_Kw,1181
1019,sAIjBAZoghA,1182
1020,wgixEn3EtNE,1183
1021,wgixEn3EtNE,1184
1022,ozbem_kh4-A,1185
1023,rqQApxshzYE,1186
1024,ORxdRFssc-o,1187
1025,TfHy_aEpmY,1188
1026,TfHy_aEpmY,1189
1027,Ppqfczkfqlg,1190
1028,eadoBji_JEE,1191
1029,eadoBji_JEE,1192
1030,cmfpdAhBYaA,1193
1031,lPHPHAxlto,1194
1032,lPHPHAxlto,1195
1033,m_d3BsoaQhE,1196
1034,b1fRZh2GiSc,1197
1035,lybsZGEotRw,1198
1036,lybsZGEotRw,1199
1038,dNcqAeEgohw,1200
1039,dNcqAeEgohw,1201
1040,ydiGAdjtvgs,1202
1041,ydiGAdjtvgs,1203
1042,sHJiOZTvOcc,1204
1043,sHJiOZTvOcc,1205
1044,y-FqyZjpSyA,1206
1045,y-FqyZjpSyA,1207
1046,mtysglpb-BI,1208
1047,mtysglpb-BI,1209
1048,wmu-nzbHH-Q,1210
1049,iQR_YlsxdE,1211
1050,iQR_YlsxdE,1212
1051,EbAwbFbrueY,1213
1052,fpEedKmOxxE,1214
1053,fpEedKmOxxE,1215
1054,HuF-uozGz_A,1216
1055,yuBARdwxxow,1217
1056,yuBARdwxxow,1218
1057,d-sbT_zwQSE,1219
1058,vABphmpqOQs,1220
1059,vABphmpqOQs,1221
1060,dRdrTOBohso,1222
1061,BqpsycrqTwA,1223
1062,pRWPR0JdyFE,1224
1063,HnsuuTqGPew,1225
1064,QqwdNwwQPqQ,1226
1065,gHEKsekTyKo,1227
1066,gHEKsekTyKo,1228
1067,rgAgqry-cok,1229
1068,rgAgqry-cok,1230
1069,pyaF-jSZeiQ,1231
1070,mKj-t2JoBJc,1232
1071,whmqtpFfpdw,1233
1072,whmqtpFfpdw,1234
1073,oEbTS4lzQOQ,1235
1074,oEbTS4lzQOQ,1236
1075,fdHmRkHS_io,1237
1076,xiB1eejdgdQ,1238
1077,TdetZOGwwQE,1239
1078,lHiuGOHpmno,1240
1079,lHiuGOHpmno,1241
1080,upkfmifpZ4I,1242
1081,upkfmifpZ4I,1243
1082,bsQmoj2m2Yk,1244
1083,dFpqSnv_avw,1245
1084,dFpqSnv_avw,1246
1085,cGqEBvlmFAQ,1247
1086,cGqEBvlmFAQ,1248
1087,miwdmscuFfE,1249
1088,miwdmscuFfE,1250
1089,lcozsZuvatQ,1251
1090,ze-yx_Zgpec,1252
1091,ze-yx_Zgpec,1253
1092,mdwv-PzyeqE,1254
1093,mdwv-PzyeqE,1255
1094,vknsNgdKpdA,1256
1095,fxieKFowcjE,1257
1096,fxieKFowcjE,1258
1097,nOQNAzvZQnA,1259
1099,yasAwfAkcBg,1260
1100,yasAwfAkcBg,1261
1101,qYupippGfGc,1262
1102,qYupippGfGc,1263
1103,-tB_adyqijA,1264
1104,bgAwgI1HZac,1265
1105,ukTHyklqyiE,1266
1106,ukTHyklqyiE,1267
1107,lmmh4lkvrTo,1268
1108,AntcEmvgqeY,1269
1109,AntcEmvgqeY,1270
1110,mivaYecxmzA,1271
1111,mivaYecxmzA,1272
1112,gfITTrl2b1w,1273
1113,cclcJoqpaSQ,1274
1114,cclcJoqpaSQ,1275
1115,ycelvHNQSwc,1276
1116,ycelvHNQSwc,1277
1117,v12tbjdoHIQ,1278
1118,kawt2AFceQ,1279
1119,vfa_2iRcTKs,1280
1120,apsFhzbOatA,1281
1121,apsFhzbOatA,1282
1122,wmJxKjiodxk,1283
1123,gyp2q2G_GkQ,1284
1124,zeoovSB1dqk,1285
1125,zeoovSB1dqk,1286
1126,gQifzqaTTZg,1287
1127,zQgyou_zIQs,1288
1128,zQgyou_zIQs,1289
1129,jJBa-Jyxlzg,1290
1130,kgtuHlpn_IE,1291
1131,qPZhwyvA4Oc,1292
1132,qPZhwyvA4Oc,1293
1133,oJjNvxhmj1s,1294
1134,avuHvnsRQrs,1295
1135,t3_uK-HElhk,1296
1136,cOmgslHwgpc,1297
1137,cOmgslHwgpc,1298
1138,PHwast_nGsY,1299
1139,OSod_P_thiA,1300
1140,1Aam-YszHxs,1301
1141,RbcbpqFA_cQ,1302
1142,RbcbpqFA_cQ,1303
1143,To1plZGqg2c,1304
1144,BPZ4f-dKm_s,1305
1145,v3PHeGEvbvQ,1306
1146,v3PHeGEvbvQ,1307
1147,rhP4mj_xScw,1308
1148,SzGOyHbi-jw,1309
1149,N-nIQQuAhu4,1310
1150,N-nIQQuAhu4,1311
1151,hqaYlNBcpAw,1312
1152,hqaYlNBcpAw,1313
1153,jqQ1ltgp-tI,1314
1154,hlZhxpdxmPw,1315
1155,hlZhxpdxmPw,1316
1156,zSt2I-ekZ-E,1317
1157,bt-Ysloklak,1318
1158,bt-Ysloklak,1319
1160,bHqiYQqclHk,1320
1161,bHqiYQqclHk,1321
1162,tigocuoyJx4,1322
1163,gdOpyudgjmw,1323
1164,qpudqbOdKSQ,1324
1165,qpudqbOdKSQ,1325
1166,x___qGOHP-1A,1326
1167,x___qGOHP-1A,1327
1168,s1iZ1-e1SfA,1328
1169,dkoqvlGuzvQ,1329
1170,SyFxF4Nryfo,1330
1171,SyFxF4Nryfo,1331
1172,yxx3FhyzbFY,1332
1173,yxx3FhyzbFY,1333
1174,aiBRpdb1HxY,1334
1175,ipzshwvHcns,1335
1176,ipzshwvHcns,1336
1177,leTjElxNQEY,1337
1178,leTjElxNQEY,1338
1179,1bKHmmyfSwQ,1339
1180,fI__AQntrgic,1340
1181,n-dQdPeid__Q,1341
1182,n-dQdPeid__Q,1342
1183,TypFkTfl__ww,1343
1184,TypFkTfl__ww,1344
1185,TIif3wgdeaE,1345
1186,TIif3wgdeaE,1346
1187,RQ3odzdbB-A,1347
1188,v1x2__KHNTwA,1348
1189,v1x2__KHNTwA,1349
1190,knNvkGHbkQY,1350
1191,rJaqTGR3ARY,1351
1192,rJaqTGR3ARY,1352
1193,Zv-Y4cqvEhE,1353
1194,ugcozgEZv_g,1354
1195,ugcozgEZv_g,1355
1196,uvtoGPEAdsw,1356
1197,uvtoGPEAdsw,1357
1198,eyA4xxyydEo,1358
1199,eyA4xxyydEo,1359
1200,s2qrnT60Avg,1360
1201,y-OGGubZd1Q,1361
1202,OiHpu-mdcrQ,1362
1203,OiHpu-mdcrQ,1363
1204,q1uTYkOlGvE,1364
1205,GQRu_ltP-uc,1365
1206,GQRu_ltP-uc,1366
1207,ANeexOuTnAQ,1367
1208,ANeexOuTnAQ,1368
1209,w4qEBBRBmOc,1369
1210,w4qEBBRBmOc,1370
1211,w_rhiQaGKbQ,1371
1212,w_rhiQaGKbQ,1372
1213,lY-llZ2OAbE,1373
1214,lY-llZ2OAbE,1374
1215,azuQtpF-AnQ,1375
1216,bHaAeSnO_HE,1376
1217,bHaAeSnO_HE,1377
1218,geRymtZtmOo,1378
1219,geRymtZtmOo,1379
1221,wSGuy3-uGGo,1380
1222,BpetlIualbk,1381
1223,deqfqFgGKkE,1382
1224,unHlaSxOHwg,1383
1225,unHlaSxOHwg,1384
1226,xYq4vZsy_ps,1385
1227,xYq4vZsy_ps,1386
1228,vKTulaBSkJ4,1387
1229,vKTulaBSkJ4,1388
1230,vzk4xFyFfTE,1389
1231,vzk4xFyFfTE,1390
1232,PsSFiv-yobw,1391
1233,PsSFiv-yobw,1392
1234,tnAztNll2-A,1393
1235,yhPRkihs-Yg,1394
1236,yhPRkihs-Yg,1395
1237,uHtRju2EcsQ,1396
1238,uHtRju2EcsQ,1397
1239,o2bwsqvkKao,1398
1240,axi2khkpnHI,1399
1241,vovohmoiSSw,1400
1242,vovohmoiSSw,1401
1243,NlN-__yB1kac,1402
1244,-eb-fTTSiA4,1403
1245,wSTyK-b-tuo,1404
1246,wSTyK-b-tuo,1405
1247,rsixtgYdzeE,1406
1248,rsixtgYdzeE,1407
1249,3TtaBEabN__s,1408
1250,3TtaBEabN__s,1409
1251,FswnzwvOo1w,1410
1252,GF4HTGEpnlQ,1411
1253,OG2ZZbcxxTE,1412
1254,OG2ZZbcxxTE,1413
1255,vpcvxqrarF0,1414
1256,OTrYiQc3qjo,1415
1257,OTrYiQc3qjo,1416
1258,QObQcP__QlKQ,1417
1259,QObQcP__QlKQ,1418
1260,sJhsmqFQejg,1419
1261,sJhsmqFQejg,1420
1262,PSuQ–Zoyhs,1421
1263,oPGOawtaNNk,1422
1264,z0FjBPzYdpc,1423
1265,FnRS4dtyaoA,1424
1266,vaGmqdNcteE,1425
1267,vaGmqdNcteE,1426
1268,wPwqTSxhzr4,1427
1269,QijnwafQxeA,1428
1270,kHEgqFihe__o,1429
1271,kHEgqFihe__o,1430
1272,rQcav-3UblQ,1431
1273,fskFoqloxKk,1432
1274,fskFoqloxKk,1433
1275,xQlBew-mRdk,1434
1276,xQlBew-mRdk,1435
1277,rwbhtdKTEeE,1436
1278,AHuhzhtZT3E,1437
1279,iHyqvFgPRzA,1438
1280,txcxtmHvx1s,1439
1282,y1Ek-yBSlAw,1440
1283,y1Ek-yBSlAw,1441
1284,SxAHRwt-tAk,1442
1285,SxAHRwt-tAk,1443
1286,y0gFJaSBQEI,1444
1287,PqzlpzP-hvw,1445
1288,spoyklAkgg,1446
1289,spoyklAkgg,1447
1290,wdhtpZ2JZew,1448
1291,wdhtpZ2JZew,1449
1292,E2xBw2rrjro,1450
1293,E2xBw2rrjro,1451
1294,xxAQwd5bWlg,1452
1295,ZAqwFZFv4sc,1453
1296,xiKYv1rhqGg,1454
1297,ggsqvFsgoKk,1455
1298,ggsqvFsgoKk,1456
1299,aYAHGKtQqcQ,1457
1300,HbstbqnpwfI,1458
1301,HbstbqnpwfI,1459
1302,ujRImvE-Ou8,1460
1303,ujRImvE-Ou8,1461
1304,BcAZA2YREdg,1462
1305,BcAZA2YREdg,1463
1306,zUidhf6svZQ,1464
1307,Jt3xtStOnso,1465
1308,Jt3xtStOnso,1466
1309,mSjvsS-HdwA,1467
1310,mSjvsS-HdwA,1468
1311,ciSdcldorQ,1469
1312,ciSdcldorQ,1470
1313,1NlxBbBN-mE,1471
1314,QKHFbeQmHQQ,1472
1315,QKHFbeQmHQQ,1473
1316,ikctfKEwZZw,1474
1317,tOpEJR0_Ho0,1475
1318,mGsafpPhe2k,1476
1319,cynqY_iFBwA,1477
1320,cynqY_iFBwA,1478
1321,uQ3bbgbmkrI,1479
1322,uQ3bbgbmkrI,1480
1323,aypEx5gvOrE,1481
1324,ZcZfxuhqfqo,1482
1325,ZcZfxuhqfqo,1483
1326,cAN-aQHElEE,1484
1327,tdzetylTHFE,1485
1328,tdzetylTHFE,1486
1329,ebf2Gg2bsmw,1487
1330,v_asAv8u-vE,1488
1331,agASFFHpZsw,1489
1332,mxmKuTqp_dg,1490
1333,mxmKuTqp_dg,1491
1334,xIyt6smw1vE,1492
1335,TzZSsyw3pPc,1493
1336,akb2K–asEA,1494
1337,tjwzSAOm_lE,1495
1338,tjwzSAOm_lE,1496
1339,iBHE-l2NOKw,1497
1340,bKgeqmmqNc,1498
1341,bKgeqmmqNc,1499
1343,gifrBZb_1tY,1500
1344,Pltaqfkpi-o,1501
1345,Pltaqfkpi-o,1502
1346,hdeuzHdtZAY,1503
1347,hdeuzHdtZAY,1504
1348,vSQrriirSNw,1505
1349,vSQrriirSNw,1506
1350,jqHFfe4Zj1A,1507
1351,dkhbdRhtaoo,1508
1352,sptjBekF-mg,1509
1353,sptjBekF-mg,1510
1354,hzekdsxBs2A,1511
1355,GsmtrGG4__bw,1512
1356,wpfneYne41E,1513
1357,tkTTgoHhkbQ,1514
1358,tkTTgoHhkbQ,1515
1359,slmbfx4Sodg,1516
1360,tOJ_BdGsekc,1517
1361,sQjwvJuhOPE,1518
1362,sQjwvJuhOPE,1519
1363,xo4KGRldu-o,1520
1364,xo4KGRldu-o,1521
1365,oxmpUQ5AqNA,1522
1366,yBE8dmhtNdw,1523
1367,x-jEObj1EOA,1524
1368,x-jEObj1EOA,1525
1369,usFszlBw_GE,1526
1370,usFszlBw_GE,1527
1371,tpeqpfAowYY,1528
1372,oixhtoEYBQY,1529
1373,dz-3plw5dbU,1530
1374,dz-3plw5dbU,1531
1375,mhh4bAjryGc,1532
1376,gQAeuqq_ydE,1533
1377,gQAeuqq_ydE,1534
1378,SaJbbfvviQY,1535
1379,GwhKpaqOHxc,1536
1380,GwhKpaqOHxc,1537
1381,eHKoSEg_Qqc,1538
1382,eHKoSEg_Qqc,1539
1383,ocbx1cmOrOQ,1540
1384,ouQ121eGhos,1541
1385,ouQ121eGhos,1542
1386,-eenfpvEIHE,1543
1387,-eenfpvEIHE,1544
1388,q-rhmug3zyw,1545
1389,q-rhmug3zyw,1546
1390,indnHwaTko,1547
1391,indnHwaTko,1548
1392,BerRrzmeyic,1549
1393,BerRrzmeyic,1550
1394,rgOfiabA-gE,1551
1395,rgOfiabA-gE,1552
1396,vJorcluiylg,1553
1397,xphr-1B2iao,1554
1398,xphr-1B2iao,1555
1399,JugwkGHpkbY,1556
1400,JugwkGHpkbY,1557
1401,IbbtzGz2nuc,1558
1402,tHt-tEB-hdY,1559
1404,tHt-tEB-hdY,1560
1405,nJ4w1yaxTcc,1561
1406,nJ4w1yaxTcc,1562
1407,qoqmwz-Pkwk,1563
1408,qoqmwz-Pkwk,1564
1409,kuOhihQcASs,1565
1410,kuOhihQcASs,1566
1411,lmheIgzq2kk,1567
1412,ydxufx7yxNA,1568
1413,Ha-TFa-wxZw,1569
1414,Ha-TFa-wxZw,1570
1415,ycsFelfskpw,1571
1416,ycsFelfskpw,1572
1417,wcPzTr-BbAA,1573
1418,uawjxcKHkJY,1574
1419,oZeptvEaQwg,1575
1420,oZeptvEaQwg,1576
1421,pipoQkmbEPw,1577
1422,pipoQkmbEPw,1578
1423,sGftP2f-nqo,1579
1424,sGftP2f-nqo,1580
1425,stQSmj5xHPk,1581
1426,stQSmj5xHPk,1582
1427,wA4abGiOigE,1583
1428,RSplw-dOuas,1584
1429,RSplw-dOuas,1585
1430,xzSEjPm_J4Q,1586
1431,woxrN2rrc6Q,1587
1432,3-fNPvlwkKo,1588
1433,KvAoGq21Ksc,1589
1434,KvAoGq21Ksc,1590
1435,QgEROTolbQA,1591
1436,QgEROTolbQA,1592
1437,pqY-rBBytAo,1593
1438,pqY-rBBytAo,1594
1439,jE2txaRhfrs,1595
1440,jE2txaRhfrs,1596
1441,zf-sRhp3wtw,1597
1442,xi-fdglSKwk,1598
1443,xi-fdglSKwk,1599
1444,phA_mGxR4-A,1600
1445,-PhHceAvzJQ,1601
1446,lNqqlaucRso,1602
1447,lNqqlaucRso,1603
1448,YlTr3wglbpk,1604
1449,wOwqd3PlEiA,1605
1450,gdli-TTBElA,1606
1451,gdli-TTBElA,1607
1452,lAaoYTBzFGs,1608
1453,lAaoYTBzFGs,1609
1454,zvbtc31oEnQ,1610
1455,zvbtc31oEnQ,1611
1456,ydP_bOGskbw,1612
1457,ydP_bOGskbw,1613
1458,nboTFkNFqGA,1614
1459,rSFP_rlS_A,1615
1460,rSFP_rlS_A,1616
1461,yxoZNb3wHPw,1617
1462,yxoZNb3wHPw,1618
1463,tFnp_0lwo2k,1619
1465,vF5_g0NShYg,1620
1466,wldg-SSIw7s,1621
1467,jQAEOaARj3s,1622
1468,dSBsjQJvwcs,1623
1469,pntwvOdBeno,1624
1470,pntwvOdBeno,1625
1471,axKH2_wwqjA,1626
1472,-piTrbowbYs,1627
1473,-piTrbowbYs,1628
1474,qPvhIyG5EAQ,1629
1475,ikdG0QTlPR0,1630
1476,gnERtvheF2w,1631
1477,s3cBOlHBEAE,1632
1478,s3cBOlHBEAE,1633
1479,t_iJQbFbe7o,1634
1480,GaAiOelrQwA,1635
1481,GaAiOelrQwA,1636
1482,qPgmRcBZyqc,1637
1483,qPgmRcBZyqc,1638
1484,vH3YBFshA1A,1639
1485,vH3YBFshA1A,1640
1486,ozBmSa2lBeo,1641
1487,fRpfuTQAyhI,1642
1488,fRpfuTQAyhI,1643
1489,mAd3etGsySQ,1644
1490,GNa_gaq-2FQ,1645
1491,f2zjujSEPFE,1646
1492,yfmRxiPynNQ,1647
1493,yfmRxiPynNQ,1648
1494,lFng3sdevyo,1649
1495,lFng3sdevyo,1650
1496,Zd-xwwyiuYc,1651
1497,Zd-xwwyiuYc,1652
1498,zqblBq-fUJc,1653
1499,zqblBq-fUJc,1654
1500,w0OPewyNePA,1655
1501,ScvbulGKgdQ,1656
1502,siOxNGAx_TQ,1657
1503,siOxNGAx_TQ,1658
1504,fPja-_dOPPg,1659
1505,ABBp-ikv_GQ,1660
1506,vBxO0mncNQA,1661
1507,fQlPJmHZeYA,1662
1508,fQlPJmHZeYA,1663
1509,Evf3uJNxSTA,1664
1510,bc1kYKAfwhg,1665
1511,bc1kYKAfwhg,1666
1512,yhqKiH4b3hE,1667
1513,targHvzwy5I,1668
1514,hBwFOrndQ2Q,1669
1515,hBwFOrndQ2Q,1670
1516,dNzvA-7ZNws,1671
1517,huH-PzYKOaA,1672
1518,IH2mx1edoEk,1673
1519,waOkpHJc2Pg,1674
1520,waOkpHJc2Pg,1675
1521,K_autmceJFo,1676
1522,yNN-SsfbB4A,1677
1523,yNN-SsfbB4A,1678
1524,FsuvimkuckQ,1679
1526,FsuvimkuckQ,1680
1527,llTOyPxaeoo,1681
1528,llTOyPxaeoo,1682
1529,nhE0ymwciHg,1683
1530,t4Fp2pQwgNg,1684
1531,J_jQtQyPJOE,1685
1532,J_jQtQyPJOE,1686
1533,r_uBHmAhnfo,1687
1534,r_uBHmAhnfo,1688
1535,eiretQENyr4,1689
1536,eiretQENyr4,1690
1537,aefvthRIt7A,1691
1538,aefvthRIt7A,1692
1539,OwbTq_4-jGg,1693
1540,vspaa1GAzbc,1694
1541,vspaa1GAzbc,1695
1542,PjpyfyETHaE,1696
1543,PjpyfyETHaE,1697
1544,xRKgGw0Yf7w,1698
1545,O-1gxufhyio,1699
1546,O-1gxufhyio,1700
1547,xId34mpqxBc,1701
1548,oKq3lhGwzdY,1702
1549,oKq3lhGwzdY,1703
1550,HaenjNBfphc,1704
1551,-xZpxtgg_JI,1705
1552,woQHJO-HQio,1706
1553,woQHJO-HQio,1707
1554,TSyHqgSq_ag,1708
1555,TSyHqgSq_ag,1709
1556,y5NtZN_pbcQ,1710
1557,OfQQvjSHmbg,1711
1558,OfQQvjSHmbg,1712
1559,yFp_BN4mkbY,1713
1560,NYcqEqyOpk,1714
1561,qolnm2dA-Y,1715
1562,qolnm2dA-Y,1716
1563,tutZSvauyhE,1717
1564,tutZSvauyhE,1718
1565,ghgBTOvJhwE,1719
1566,awtaymTJBQ,1720
1567,awtaymTJBQ,1721
1568,13TTFhcRwmQ,1722
1569,ttqEsg7qf_w,1723
1570,sak-taOOyYg,1724
1571,sak-taOOyYg,1725
1572,qZwzwmTdedY,1726
1573,qJHtyjTgHYA,1727
1574,qJHtyjTgHYA,1728
1575,AyeeJYx_wHc,1729
1576,AyeeJYx_wHc,1730
1577,-vGlrcayloE,1731
1578,-vGlrcayloE,1732
1579,hvRQyR1Nric,1733
1580,hvRQyR1Nric,1734
1581,whvHz4azNOA,1735
1582,whvHz4azNOA,1736
1583,TdJA3dtmh-A,1737
1584,YRld_AKievg,1738
1585,-ndwmvIwQmo,1739
1587,-ndwmvIwQmo,1740
1588,j0wSohites0,1741
1589,zmPbzgu_Gn4,1742
1590,zmPbzgu_Gn4,1743
1591,pHv3phv3yNA,1744
1592,wpT3w2QWbkw,1745
1593,rqbc4nTivlg,1746
1594,rqbc4nTivlg,1747
1595,mbFkqanETTk,1748
1596,mbFkqanETTk,1749
1597,ctaaN1dJccI,1750
1598,qx__vmZbh8Bg,1751
1599,kxwbilQIyA,1752
1600,kxwbilQIyA,1753
1601,xbH1owYAz7A,1754
1602,BmNbZygqHpE,1755
1603,BmNbZygqHpE,1756
1604,v4T2xWgRZGw,1757
1605,lfd__gtrdgGg,1758
1606,lfd__gtrdgGg,1759
1607,1n-to3ahKtA,1760
1608,vaHOFd-KStk,1761
1609,vaHOFd-KStk,1762
1610,xm__-EYgQvlc,1763
1611,xm__-EYgQvlc,1764
1612,rr3bYslx-ec,1765
1613,IqZlim__yoww,1766
1614,IqZlim__yoww,1767
1615,luA4GtJxE20,1768
1616,srScJAs2i1c,1769
1617,srScJAs2i1c,1770
1618,yTg1EPJa1__s,1771
1619,yTg1EPJa1__s,1772
1620,spvbAObyqwo,1773
1621,spvbAObyqwo,1774
1622,mf2keggHpyc,1775
1623,kuAviEmmoP4,1776
1624,kuAviEmmoP4,1777
1625,-sdJ2JdtlGY,1778
1626,zmaRs5Q3gOw,1779
1627,AaGezzEkEag,1780
1628,aFuiJhcff3Q,1781
1629,ozqlcZqtgrg,1782
1630,grefAhSvcvc,1783
1631,grefAhSvcvc,1784
1632,qSeotyOZEZA,1785
1633,qSeotyOZEZA,1786
1634,zfhna4Wuxdc,1787
1635,-scOr4rmGNc,1788
1636,-scOr4rmGNc,1789
1637,qZb_rxOlRs4,1790
1638,qZb_rxOlRs4,1791
1639,ewdeEGoaANI,1792
1640,ewdeEGoaANI,1793
1641,tcl2oe1-pxI,1794
1642,tcl2oe1-pxI,1795
1643,v__QqpeRbc_k,1796
1644,v__QqpeRbc_k,1797
1645,mai_uYRTgxQ,1798
1646,mai_uYRTgxQ,1799
1648,oJ-Be8vJPbA,1800
1649,Rxgf2s-QJYA,1801
1650,Rxgf2s-QJYA,1802
1651,FG1QnwBBP2E,1803
1652,Qhoq_-Hl4gY,1804
1653,Qhoq_-Hl4gY,1805
1654,xHiBtaBuhI4,1806
1655,y8jcgyBpnPo,1807
1656,svb1JvgxAOw,1808
1657,svb1JvgxAOw,1809
1658,vlsSQwsjvEk,1810
1659,vlsSQwsjvEk,1811
1660,KhlBziyisdg,1812
1661,BOoG1FoqynA,1813
1662,BOoG1FoqynA,1814
1663,fOqO2yiqnsc,1815
1664,zQxixvjQBOY,1816
1665,zQxixvjQBOY,1817
1666,lAbStfySPlc,1818
1667,lAbStfySPlc,1819
1668,Q-BcAB3JeGk,1820
1669,xfvGpm-ERQU,1821
1670,wA1K5oRdsvk,1822
1671,pxImOyJq1x4,1823
1672,tArFzilwatw,1824
1673,tArFzilwatw,1825
1674,gycjSHbdwSc,1826
1675,tcpplFkwSok,1827
1676,tcpplFkwSok,1828
1677,kpo_hmKhB3g,1829
1678,wOvY-lq4TBE,1830
1679,wOvY-lq4TBE,1831
1680,wxkYqltzm_A,1832
1681,ckGupKeisQw,1833
1682,ckGupKeisQw,1834
1683,ANeyxntEQxQ,1835
1684,ANeyxntEQxQ,1836
1685,tHmlEylrO1E,1837
1686,xxabxIt2oow,1838
1687,xxabxIt2oow,1839
1688,fl4txxhlpFE,1840
1689,xiuEx5pQkRc,1841
1690,aBmvxiP-PNw,1842
1691,dlmpmtHnnEI,1843
1692,dlmpmtHnnEI,1844
1693,Hh3BAyAjxkw,1845
1694,GwinnRsBQR4,1846
1695,GwinnRsBQR4,1847
1696,ooj4cOBSHaQ,1848
1697,uuwsyqp-wwk,1849
1698,uuwsyqp-wwk,1850
1699,pAkjkG-E4dE,1851
1700,sssqc1Qoknc,1852
1701,Km-us_xvamY,1853
1702,Km-us_xvamY,1854
1703,aAwkEgIQvyo,1855
1704,aAwkEgIQvyo,1856
1705,mdNsjoQ-iO4,1857
1706,FKuObKhqQrA,1858
1707,FKuObKhqQrA,1859
1709,tPAjY__lZzYo,1860
1710,ElanOZfZGsQ,1861
1711,ElanOZfZGsQ,1862
1712,pHiK4sAzeKc,1863
1713,pHiK4sAzeKc,1864
1714,v4wohAa-dPg,1865
1715,v4wohAa-dPg,1866
1716,KKawRlBeftE,1867
1717,kamyxB-yKrc,1868
1718,kamyxB-yKrc,1869
1719,bpnwRGpbhno,1870
1720,bpnwRGpbhno,1871
1721,j__E1__j0dHqk,1872
1722,ZPImchaxn2Q,1873
1723,-jyEahOy4Tg,1874
1724,HyHGATyynmI,1875
1725,HyHGATyynmI,1876
1726,xPA5juzIEZs,1877
1727,aHOmfbngyBs,1878
1728,aHOmfbngyBs,1879
1729,G3E1AjGw__Pc,1880
1730,G3E1AjGw__Pc,1881
1731,FEclp1gba1E,1882
1732,FEclp1gba1E,1883
1733,-1eKoQGjjhE,1884
1734,sugfhgIkwac,1885
1735,sugfhgIkwac,1886
1736,nxOjtihOl-s,1887
1737,ccNbsxeetdc,1888
1738,jqvFxJEJbtg,1889
1739,jqvFxJEJbtg,1890
1740,wbR4fJ_e__vw,1891
1741,QdGBr3yzagg,1892
1742,aJpljm-mziY,1893
1743,aJpljm-mziY,1894
1744,wHv_af-ScFw,1895
1745,xzBGEAdG-Tg,1896
1746,xzBGEAdG-Tg,1897
1747,rztcb-sbEE4,1898
1748,nilQjgsEGN4,1899
1749,qBOHvRQ3orE,1900
1750,qBOHvRQ3orE,1901
1751,uKnoo-s1c2I,1902
1752,wQWygif5dck,1903
1753,wQWygif5dck,1904
1754,iQA0sfA3ZEc,1905
1755,I1sfslgQ_mw,1906
1756,I1sfslgQ_mw,1907
1757,IwJbb0tQq7s,1908
1758,wune-PzwoQg,1909
1759,wune-PzwoQg,1910
1760,jOdkbOPiqsE,1911
1761,4jgoAfPWFzo,1912
1762,wrNAF5pbFNc,1913
1763,wrNAF5pbFNc,1914
1764,eEoSwgeBqhY,1915
1765,eEoSwgeBqhY,1916
1766,IqwzZwTyeyo,1917
1767,wfnEO1E2hsU,1918
1768,FokvtHumQag,1919
1770,FokvtHumQag,1920
1771,cSZFdJfT-so,1921
1772,cSZFdJfT-so,1922
1773,uQRS-Jqp0oA,1923
1774,pkbkTTtmhhw,1924
1775,pkbkTTtmhhw,1925
1776,u_HcNlmOSwg,1926
1777,u_HcNlmOSwg,1927
1778,draqd3ETFPE,1928
1779,SRjg_Aaq3bg,1929
1780,FzbQh-d4Tto,1930
1781,vqkcyp_tI-A,1931
1782,vqkcyp_tI-A,1932
1783,OwJngGTwn2o,1933
1784,p4qEHZlzHog,1934
1785,p4qEHZlzHog,1935
1786,ngOaItfq-6k,1936
1787,Ee-QEJndBJE,1937
1788,Ee-QEJndBJE,1938
1789,wZohsGGmtEk,1939
1790,wZohsGGmtEk,1940
1791,G3GEJpvkEmc,1941
1792,wcTxGTwceJo,1942
1793,wcTxGTwceJo,1943
1794,qbSJzHQYols,1944
1795,k4pZg-Q_PHc,1945
1796,f1hqHvR3FdE,1946
1797,xrbuhOuTKFk,1947
1798,xrbuhOuTKFk,1948
1799,lrpmEejhTAw,1949
1800,HkthxdutBnA,1950
1801,um3_QAQcwP4,1951
1802,laaQdZbsGZE,1952
1803,laaQdZbsGZE,1953
1804,glZYGy2ouSE,1954
1805,glZYGy2ouSE,1955
1806,yEi3aKJdeO0,1956
1807,yEi3aKJdeO0,1957
1808,pbsnuJq1Wq4,1958
1809,pbsnuJq1Wq4,1959
1810,YshJBTypvEA,1960
1811,beKfByBlAhQ,1961
1812,beKfByBlAhQ,1962
1813,hfhY_BwB7fs,1963
1814,QihseRRApI4,1964
1815,QihseRRApI4,1965
1816,y8nhcmwyoqQ,1966
1817,q3dqiRpGgGs,1967
1818,q3dqiRpGgGs,1968
1819,j1tbcogawSQ,1969
1820,yq0pt_Y_frk,1970
1821,zGgwahbqahU,1971
1822,zGgwahbqahU,1972
1823,ggRPnFuu-Qs,1973
1824,ggRPnFuu-Qs,1974
1825,QhqbbmP4uc,1975
1826,QhqbbmP4uc,1976
1827,ngf2GoEFJPE,1977
1828,ngf2GoEFJPE,1978
1829,uG_tQKQbjAY,1979
1831,uG_tQKQbjAY,1980
1832,wHJmcFvEnTA,1981
1833,NTocsiSFfys,1982
1834,NTocsiSFfys,1983
1835,-J_ihyPlOxw,1984
1836,rexKPqsy5vQ,1985
1837,JmhZfYJSuqs,1986
1838,ncmiFPhxiro,1987
1839,mauh_YQKhgE,1988
1840,mauh_YQKhgE,1989
1841,pj-B-SbpJiA,1990
1842,pj-B-SbpJiA,1991
1843,QyaGi1wYQgc,1992
1844,QyaGi1wYQgc,1993
1845,Nihjfvmx_so,1994
1846,jaqSimTYjk,1995
1847,uJTG2OQOl-w,1996
1848,uJTG2OQOl-w,1997
1849,nvu_IgvoGE4,1998
1850,xfp_n5Tyryw,1999
1851,lTPPipSAenw,2000
1852,lTPPipSAenw,2001
1853,rrNat-3H-Ew,2002
1854,rrNat-3H-Ew,2003
1855,hTj2SGPkKtg,2004
1856,kx_larKYpAQ,2005
1857,kx_larKYpAQ,2006
1858,slauSOa5-Qw,2007
1859,2v-_TGTklFQ,2008
1860,2v-_TGTklFQ,2009
1861,hnTGzYgumaI,2010
1862,tchOzeivZo0,2011
1863,lPlR-_ocdTQ,2012
1864,wAxyheoixmc,2013
1865,wAxyheoixmc,2014
1866,wPp7jbuJOHo,2015
1867,wKq2kbqtf3A,2016
1868,HFtTSPjpj_c,2017
1869,HFtTSPjpj_c,2018
1870,wFvzs2P1hHQ,2019
1871,wFvzs2P1hHQ,2020
1872,ZebJ2PE1ztg,2021
1873,T_BtuitQh_w,2022
1874,T_BtuitQh_w,2023
1875,ry4Kkuxx4F0,2024
1876,YduEfbzpdOQ,2025
1877,YduEfbzpdOQ,2026
1878,dqdRKFgoPfc,2027
1879,dqdRKFgoPfc,2028
1880,bHmAqtibTiI,2029
1881,ouYqANH8hlA,2030
1882,y7UZHEHhdek,2031
1883,RopkEy-EycA,2032
1884,RopkEy-EycA,2033
1885,qBw1hEEqZS0,2034
1886,xmg5axAQiyw,2035
1887,xmg5axAQiyw,2036
1888,plUsAQuaBZ0,2037
1889,plUsAQuaBZ0,2038
1890,hcB-w_3FHxQ,2039
1892,hcB-w__3FHxQ,2040
1893,Bs1HxF2zuzk,2041
1894,bnNI-cdxirQ,2042
1895,ppAPdFagHzE,2043
1896,ppAPdFagHzE,2044
1897,aZgdFncg1ss,2045
1898,wfNJmNGcsEQ,2046
1899,wfNJmNGcsEQ,2047
1900,lucajYNfFc8,2048
1901,B6AQhpFkgfQ,2049
1902,q4tGzHNuONQ,2050
1903,q4tGzHNuONQ,2051
1904,sKrdk4xwdBo,2052
1905,sKrdk4xwdBo,2053
1906,fx1do3YRPsE,2054
1907,fx1do3YRPsE,2055
1908,eFnlOA8-jdA,2056
1909,OtA4AEl_KJk,2057
1910,OtA4AEl_KJk,2058
1911,u1AjQxdb3Hc,2059
1912,u1AjQxdb3Hc,2060
1913,dQKotAHphKE,2061
1914,dQKotAHphKE,2062
1915,fQQJr-tEaJE,2063
1916,ln0ff5dZe0c,2064
1917,wx3wr2ZrSYA,2065
1918,wx3wr2ZrSYA,2066
1919,vQRiJthf6a0,2067
1920,yw7AfY0fihA,2068
1921,yw7AfY0fihA,2069
1922,xj3b3__Gpius,2070
1923,wiGjv-aOlhE,2071
1924,wiGjv-aOlhE,2072
1925,IAfz1PcxAyo,2073
1926,bdAxwEApy__Q,2074
1927,bdAxwEApy__Q,2075
1928,yuoq__YeIBxc,2076
1929,rTaE__HS__2ik,2077
1930,NP-bZmvOzhA,2078
1931,NP-bZmvOzhA,2079
1932,PBqjFihluag,2080
1933,PBqjFihluag,2081
1934,zNdQy3yyBgQ,2082
1935,ougEbiPYG2c,2083
1936,yn2bGA-nZAA,2084
1937,yn2bGA-nZAA,2085
1938,qqsZ__J3fm-A,2086
1939,Zf0lOv__ZIn4,2087
1940,ZAgZv10jIbo,2088
1941,gOqe2olOSuc,2089
1942,gOqe2olOSuc,2090
1943,ciZ0v8rGabo,2091
1944,ciZ0v8rGabo,2092
1945,xgwc4fsipJs,2093
1946,xgwc4fsipJs,2094
1947,k3Odpd3EFAE,2095
1948,FS6cFHTI1uk,2096
1949,FS6cFHTI1uk,2097
1950,zOh06yNeboc,2098
1951,zOh06yNeboc,2099
1953,O-RRxsorbPg,2100
1954,ladYOoihTHk,2101
1955,ladYOoihTHk,2102
1956,IBElwAz3O5s,2103
1957,kS2sGozZxZc,2104
1958,PpzFEyFxtoo,2105
1959,PpzFEyFxtoo,2106
1960,rxTt2yY31cs,2107
1961,wZmc7Egwfpc,2108
1962,wZmc7Egwfpc,2109
1963,YhBwhuqFqjw,2110
1964,YhBwhuqFqjw,2111
1965,hRp2iaks_fg,2112
1966,peGgwq7uJ_U,2113
1967,idhgcpHBvuo,2114
1968,idhgcpHBvuo,2115
1969,dfYKdPPxG_o,2116
1970,NNmy-vuwxrc,2117
1971,NNmy-vuwxrc,2118
1972,OEo_ug8EQbU,2119
1973,SfkphhQtEys,2120
1974,SfkphhQtEys,2121
1975,vwrTyHPe2QE,2122
1976,geFJKtFisPA,2123
1977,geFJKtFisPA,2124
1978,zowrvPh6xcs,2125
1979,ukbiPBR2-GI,2126
1980,hW-ynfpmcj4,2127
1981,hW-ynfpmcj4,2128
1982,HArS1HmjruQ,2129
1983,HArS1HmjruQ,2130
1984,ediic2HnGco,2131
1985,ediic2HnGco,2132
1986,qQiwgEQNfQs,2133
1987,qQiwgEQNfQs,2134
1988,GGGrmu_cYto,2135
1989,yZiWeGlNHug,2136
1990,GZFuHnwGZNc,2137
1991,GZFuHnwGZNc,2138
1992,swiSjPF_ii4,2139
1993,yn_lOfckS4o,2140
1994,yn_lOfckS4o,2141
1995,snNs6Weqtzw,2142
1996,IlppNGAeafE,2143
1997,nn_OOeNcPnw,2144
1998,nn_OOeNcPnw,2145
1999,4dK-BcpcnGw,2146
2000,a3FJiyeRrew,2147
2001,a3FJiyeRrew,2148
2002,H4_TtauZHaw,2149
2003,4kT-Ggvygc0,2150
2004,nGEO_aozx8w,2151
2005,nGEO_aozx8w,2152
2006,vgmYHte2Grs,2153
2007,vgmYHte2Grs,2154
2008,PsyZzsKcvic,2155
2009,PsyZzsKcvic,2156
2010,AiOzg_qNuT4,2157
2011,AiOzg_qNuT4,2158
2012,oOBPSkdqZZo,2159
2014,oOBPSkdqZZo,2160
2015,HO__uATipTtg,2161
2016,iA__liuSEKwk,2162
2017,iA__liuSEKwk,2163
2018,AbBF-faYffc,2164
2019,vzZH-OoHuyo,2165
2020,vzZH-OoHuyo,2166
2021,mir7GitnpuE,2167
2022,swcjch2KKIo,2168
2023,swcjch2KKIo,2169
2024,f-2EezHkGOs,2170
2025,f-2EezHkGOs,2171
2026,hPGtjxFKc50,2172
2027,quk0P8dl_OY,2173
2028,hNmFAeHOeBE,2174
2029,hNmFAeHOeBE,2175
2030,mvlwbkW-p0A,2176
2031,jsEhj-cjrPE,2177
2032,jsEhj-cjrPE,2178
2033,qtaQjlsquwc,2179
2034,qtaQjlsquwc,2180
