;
00;4iORuByyRmA
01;y2frxNQgsOQ
02;y2frxNQgsOQ
03;wtqzSTi4zQQ
04;wtqzSTi4zQQ
05;J2I2vQQwiyE
06;xwuyBTTuUrQ
07;tPSBj4Quuwk
08;HPlBcPvJQew
09;vqlcBxgYnFo
10;vqlcBxgYnFo
11;Zx iiQAH-Tw
12;uawO3-tjP1c
13;uawO3-tjP1c
14;xepkylNIenw
15;xepkylNIenw
16;krqmxbffbTE
17;t-3-guBJswY
18;t-3-guBJswY
19;ZSv1iiT3jlc
20;HduubRTdko4
21;yRQ1QZs7Q0w
22;AedxizpHQ4A
23;J QEigiJcsQ
24;J QEigiJcsQ
25;yFfcsmK2TOA
26;z2bqfIdTtwE
27;z2bqfIdTtwE
28;tk2O dPRSqw
29;u-oIZfasENg
30;u-oIZfasENg
31;cdnOG2TQwHA
32;ahBmRREpqiI
33;ahBmRREpqiI
34;KEFs4o-uGEA
35;Q-GEwZGu OA
36;Q-GEwZGu OA
37;lZwt3xbuEJQ
38;bm-ummtKNOw
39;itBuZqROGoc
40;y fzxkP1Ysc
41;ygHP   BmszQ
42;ygHP   BmszQ
43;e1cpwxneseQ
44;ompeR1pJlaQ
45;rbREmmg1wRc
46;aTwhiJfyoOE
47;aTwhiJfyoOE
48;rdIiiwhasyQ
49;rdIiiwhasyQ
50;zo1Hd3tozKs
51;evdgGExIgio
52;evdgGExIgio
53;xeTZz1dh3  w
54;uephBmkupvQ
55;uephBmkupvQ
56;xiuuKQroPHc
57;xiuuKQroPHc
58;lfGwR1gaQYo
59;t4gkmcmwBrw
;
00;sxssAArYRGA
01;sxssAArYRGA
02;obTE4aTynIo
03;obTE4aTynIo
04;3ucrwgmeBtk
05;OxwNHQplFpo
06;OxwNHQplFpo
07;pEoYAeJ  gOk
08;m2cOKpkvN2c
09;oueYkBT22Pw
10;zYsPTBq2aEw
11;zYsPTBq2aEw
12;wivuhAAxlec
13;wivuhAAxlec
14;QRqiOaiwteE
15;yPwOl5BIjos
16;vx2Q1Nas1Qs
17;vx2Q1Nas1Qs
18;mmQ1akRwxBs
19;-bcANEglbI
20;-bcANEglbI
21;uxzBq4Y  fNw
22;v  xPZuAfg1k
23;edHesrFRpQg
24;edHesrFRpQg
25;tpmAholHR1w
26;xsJopwNT2fs
27;xsJopwNT2fs
28;hZARIbmubgo
29;zydZQOR  lwQ
30;ccQAgyqxqQQ
31;ccQAgyqxqQQ
32;xGcyrucn3fI
33;xGcyrucn3fI
34;jJdZJ1GwjxA
35;jJdZJ1GwjxA
36;dSxxsnOc3w0
37;ugcPtZyxZ6E
38;zW8fpEOOw0w
39;zW8fpEOOw0w
40;cyTxxEhS4uc
41;OGkQQ  q  HYg
42;OGkQQ  q  HYg
43;wP-O4JlKclc
44;w-s3NTuw-To
45;w-s3NTuw-To
46;vNExj-bJIgs
47;vNExj-bJIgs
48;bxbPOqJBjFo
49;bxbPOqJBjFo
50;zpu2JwTxf  o
51;zpu2JwTxf  o
52;xohyFEGR2hg
53;sEZ  dHGN4yw
54;stsnuh3kFGE
55;uukzTxpfYyg
56;uukzTxpfYyg
57;vgSbuFawtfw
58;vgSbuFawtfw
59;wnO0H8sBgRY
;
00;-   drvG3kKw
01;Bbl-AnunGpc
02;Bbl-AnunGpc
03;lnFHlfwRSys
04;cTAntdHvbYw
05;cTAntdHvbYw
06;zEhfHOZQjoc
07;zEhfHOZQjoc
08;b4vmFxGpvuc
09;b4vmFxGpvuc
10;kA4bGJmAEhc
11;acmwKwchOPg
12;acmwKwchOPg
13;uKzp  cyvwv4
14;jiEvibbf-hI
15;jiEvibbf-hI
16;ZqcSccSchg
17;iskjEgwj4uQ
18;bwBQPpGPves
19;bwBQPpGPves
20;bAff-sGw-Kk
21;PjF11baJ2ew
22;z  e1slzjAow
23;z  e1slzjAow
24;zd1hk3vxwZU
25;wpbsaypZlhg
26;wpbsaypZlhg
27;eyupkrpm1oc
28;GowJeGcf  Kk
29;OtKmFttytQ
30;pOQfqiEdKKw
31;pOQfqiEdKKw
32;djmec-Bweeg
33;djmec-Bweeg
34;wBytqPGninQ
35;wBytqPGninQ
36;yTOaO2T2lPA
37;uff1toooAxk
38;nduA4gTkKgc
39;ltfPxiTGauk
40;ltfPxiTGauk
41;RAimv4eiwxs
42;ylcscJNBm  Y
43;ylcscJNBm  Y
44;gjQ4vaYySkw
45;gjQ4vaYySkw
46;ysjYp1NBFyw
47;ysjYp1NBFyw
48;rudzYPHuewc
49;qo3iQvnisTk
50;hslYEQ-Rx1s
51;PrJJdJummvA
52;wFPvPA1afrQ
53;wFPvPA1afrQ
54;uw4Ikdcjpgg
55;Nau-vgnHuHA
56;Nau-vgnHuHA
57;PyPf-KsGqjs
58;neHuNY-w2fg
59;igtvbriAYmc
;
00;igtvbriAYmc
01;fJaEmBTZj s
02;OeHlFSiTAPk
03;OeHlFSiTAPk
04;yKb hZQFgKA
05;yKb hZQFgKA
06;hcEk zmwImg
07;prt1bk2B-gs
08;ebTrld dRpA
09;pKwsPBeSiOc
10;pKwsPBeSiOc
11;mlqAvhjxAjo
12;mlqAvhjxAjo
13;sPcghmmjxio
14;sPcghmmjxio
15;GcHOn-EEiBc
16;kGp vJq-2aw
17;cT-jGQ2bpgg
18;gQSabq2fGhY
19;oQbOHPHwPxQ
20;oQbOHPHwPxQ
21;cglhnfbbSdg
22;cglhnfbbSdg
23;kkbbeWggqsQ
24;o-swhAjntvA
25;o-swhAjntvA
26;xp1u2RlpoxQ
27;QtsElPKywqg
28;QtsElPKywqg
29;kg1 uS bZig
30;kg1 uS bZig
31;PKtnafFtfEo
32;NfOAAf4kFOo
33;auHEjieszAo
34;qoxjzGypOAA
35;wQidAZQhxbA
36;wQidAZQhxbA
37;KoTfcR2QKGs
38;vu Busuilos
39;yqaQJ tmbPA
40;yqaQJ tmbPA
41;wdiolszkeio
42;wdiolszkeio
43;zS4mavnAaiQ
44;codpbgGpcqQ
45;codpbgGpcqQ
46;NffmujESqNw
47;O3GBsa1-dKs
48;O3GBsa1-dKs
49;o2rn1bwHHRE
50;qh-hkHuc wE
51;qh-hkHuc wE
52;fpaxvjFh-qA
53;EqHKcpvxllc
54;hgZelygG qY
55;hgZelygG qY
56;rekcqRG1wmY
57;GtQPsyEHHZQ
58;GtQPsyEHHZQ
59;YHrbH2dQHEc
;
00;YHrbH2dQHEc
01;x5KeK3ARrPY
02;cofteQs2RyA
03;cofteQs2RyA
04;j-gtbGpTteQ
05;j-gtbGpTteQ
06;lSs-ubhPGQE
07;lSs-ubhPGQE
08;QBbelnfEeHE
09;s  alotsHliA
10;s  alotsHliA
11;sPBJihaYspg
12;sPBJihaYspg
13;bfFfvgqtoyE
14;GTtce3rJxhc
15;ooBvzeguzBc
16;ooBvzeguzBc
17;dtNbOpGOjmw
18;dtNbOpGOjmw
19;hGiNRlmpids
20;hGiNRlmpids
21;QdJzibQuyHE
22;wwr6EgxeevE
23;ayh  QbtJftI
24;ayh  QbtJftI
25;sfP1OqtggSk
26;fbxyqeIylHE
27;ttldaEHlZZs
28;ttldaEHlZZs
29;IgRrcpwwzE4
30;IgRrcpwwzE4
31;khOZ  EtkhOY
32;khOZ  EtkhOY
33;eeeGsxpOjNQ
34;vw2uOljxgTA
35;vw2uOljxgTA
36;yyyhxRztamE
37;yyyhxRztamE
38;zRyHGy4rFqY
39;zRyHGy4rFqY
40;QjealGtlKjQ
41;suN  4cZN-ao
42;suN  4cZN-ao
43;To4xdjsxQAg
44;Nev2-f2cfjo
45;jG-zo  oA2jo
46;jG-zo  oA2jo
47;ryFvH4Ejaxo
48;ryFvH4Ejaxo
49;d1kwJtkFtwA
50;kiTTAbeqQKY
51;kiTTAbeqQKY
52;QPhcbZriB4o
53;bdiGlNbz  Qc
54;bdiGlNbz  Qc
55;l  GAF  fy2SA
56;l  GAF  fy2SA
57;nYcnhe  y21g
58;nYcnhe  y21g
59;ZqGesno  FiQ
;
00;TZOmpbGz-vs
01;qommxIcfoos
02;qommxIcfoos
03;JxvG4rBQePs
04;dnFSRNgtH2Q
05;dnFSRNgtH2Q
06;-pFKsqGyu  s
07;-pFKsqGyu  s
08;1tseQzv3  IE
09;wNN-TRirvHY
10;wNN-TRirvHY
11;bthHZpjdJi4
12;bthHZpjdJi4
13;qrfnaR4adiI
14;qrfnaR4adiI
15;p1sZ–  aAPA
16;p1sZ–  aAPA
17;KFwOQ4  nv-c
18;ZEwAkZq1ZsA
19;ZEwAkZq1ZsA
20;SfJc-FB4dbQ
21;hYJJHvwitfE
22;hYJJHvwitfE
23;QBgqntNfsTo
24;QBgqntNfsTo
25;HQavntn-snc
26;dvq-ixRvwGA
27;dvq-ixRvwGA
28;bZ2Fxmxpots
29;bZ2Fxmxpots
30;hgfzxaFOyqw
31;hgfzxaFOyqw
32;brcBPJj2Qgw
33;xeK-B4iPxvo
34;bqtqltqcQhw
35;bqtqltqcQhw
36;OBGFxlkfOdE
37;OBGFxlkfOdE
38;gAEOeYkfG w
39;gAEOeYkfG w
40;lJJvcG4  vSA
41;Ymqkj3hlqGA
42;Ymqkj3hlqGA
43;szE4qGfdHzE
44;szE4qGfdHzE
45;lROkdtcGFHw
46;mQqRtaoyAdw
47;mQqRtaoyAdw
48;RGhydvSY  Aw
49;RGhydvSY  Aw
50;FgvATdNQeOc
51;FgvATdNQeOc
52;FtBfPQymvdE
53;FtBfPQymvdE
54;u3qbwIl1l-Q
55;u3qbwIl1l-Q
56;haaqZflhemo
57;vwuQPfvSSlo
58;vwuQPfvSSlo
59;qroAEArkSPk
;
00;qroAEArkSPk
01;ia   -tHQPvc
02;ia   -tHQPvc
03;lhAgaRzAEGg
04;xPEjZYQaxus
05;iwTOEASFyfk
06;iwTOEASFyfk
07;qytSTZ  ebyQ
08;qytSTZ  ebyQ
09;osgjyexGTEo
10;osgjyexGTEo
11;dZbu  Qe-tdg
12;oT3uuggQqcg
13;roRHdPhvjao
14;roRHdPhvjao
15;dNxyFtqcNss
16;dNxyFtqcNss
17;johRpvcEmQc
18;johRpvcEmQc
19;paaz  y-v1eQ
20;paaz  y-v1eQ
21;fRouYd-o  Ew
22;fRouYd-o  Ew
23;cOmh  Yqpqts
24;yfTiSyiAj3k
25;yfTiSyiAj3k
26;va-YHeytvFQ
27;va-YHeytvFQ
28;tysZObbs4Yo
29;tQiiaFE1e-Y
30;qiNcEguuFSA
31;qiNcEguuFSA
32;mBbHfjoz1ow
33;iNuzxoz50ZE
34;j2  dJY  mIys
35;tK1npHenASc
36;sYiP-nqdwaA
37;sYiP-nqdwaA
38;RS  TrEbaizg
39;npTphztFoac
40;fGhp  dvtjQY
41;qkdBEwfQBxQ
42;qkdBEwfQBxQ
43;mxeqhcEbySw
44;mxeqhcEbySw
45;qpsuEjycnFo
46;ZlAd-KK  T-s
47;ohJPiBdbbbA
48;ohJPiBdbbbA
49;pvxe21suhGw
50;xlpqeREimKg
51;xlpqeREimKg
52;fjEB  wbemQA
53;fjEB  wbemQA
54;q-zcIvdJxoo
55;q-zcIvdJxoo
56;opRzhzxwamc
57;fh-pnqjnuyw
58;fh-pnqjnuyw
59;sBehb  Fa  qg
;
00;sBehb  Fa qg
01;zg1HB fPvtQ
02;pbxvhASkYwk
03;pbxvhASkYwk
04;wzziKyoo-ao
05;fdAeTdlBpw
06;fdAeTdlBpw
07;Al xpzOZtgg
08;wpAwdsubl1w
09;pHTwllpq4oA
10;pHTwllpq4oA
11;vrjAIBgxm  w
12;vrjAIBgxm  w
13;vNlaEFc  qrg
14;vNlaEFc  qrg
15;qQ1celvPNzs
16;GTfyvmfTzzg
17;GTfyvmfTzzg
18;fmwZyqtmopY
19;fmwZyqtmopY
20;Ktbp-aoETEY
21;G  tqJoog-tY
22;vypvgkmZxkg
23;cjlpEtzxhTI
24;cjlpEtzxhTI
25;Av-jbmBPEgw
26;Av-jbmBPEgw
27;uTkQbSQpJew
28;uTkQbSQpJew
29;iFE1bkuBotk
30;ObOEc  J-mHE
31;ObOEc  J-mHE
32;F13ec-aTdRw
33;xAjjipdlrHQ
34;bOoHTxjJufY
35;bOoHTxjJufY
36;ywgKfdBmAfs
37;ywgKfdBmAfs
38;wvoQmf Qplc
39;wvoQmf Qplc
40;w-lhmbhnQc
41;fcARdYz1rrw
42;fcARdYz1rrw
43;r1aodO2-SEg
44;r1aodO2-SEg
45;nuATcGhzExE
46;zBn3bdNONnw
47;zBn3bdNONnw
48;yxzaFgu4  fE
49;yxzaFgu4  fE
50;RsvF BcggPc
51;yeg  YGpxlik
52;yeg  YGpxlik
53;wAaov-ubjfE
54;wAaov-ubjfE
55;viiEHzz2EkA
56;viiEHzz2EkA
57;He1RzEIxptE
58;K2xjowl  iQE
59;sxtbcOEtpoE
;
00;sxtbcOEtpoE
01;wITJjjnyejg
02;wITJjjnyejg
03;lmrcqtbeppQ
04;lmrcqtbeppQ
05;wRPAqxJY3lo
06;yycbqNcvHE
07;yycbqNcvHE
08;uZuzsBHBmvQ
09;uZuzsBHBmvQ
10;tbqarAFGspE
11;tbqarAFGspE
12;uPZplwAtynw
13;vxF1osPkplA
14;iuuFivEbHus
15;iuuFivEbHus
16;F-wlKiaP-Go
17;qvdHvb uR Q
18;qvdHvb uR Q
19;byxEledFpEE
20;byxEledFpEE
21;pSatdrqfgjs
22;GrBFSNsfmo
23;iBjhQ4kddyI
24;oyrNH megrs
25;v2Aeto oxjg
26;vf 2eGRBllA
27;vf 2eGRBllA
28;TpeTyjhtkgg
29;nGylcQTShac
30;wEQvx-wpcrc
31;wEQvx-wpcrc
32;GlSqTuuvfdg
33;GlSqTuuvfdg
34;BQ-koxE Q Y
35;xcknq-wQn3E
36;JavlibhEfgA
37;JavlibhEfgA
38;NTicAwls-cA
39;NTicAwls-cA
40;mvw-ohFc GY
41;mvw-ohFc GY
42;JOpauE EEjE
43;JOpauE EEjE
44;steK1 mu1SE
45;tFRidwwRlJY
46;he P a EbAk
47;he P a EbAk
48;wxGRGpBaaAo
49;wxGRGpBaaAo
50;jfNyBYJxx2g
51;yjOx-dpY- o
52;yjOx-dpY- o
53;ljd- rAay4A
54;ym1QkZgY3-w
55;ym1QkZgY3-w
56;wBgqAKxujkE
57;wBgqAKxujkE
58;EvwudGaJS4c
59;nBGOYJTEN2A
;
00;xdqQquPvKBQ
01;xdqQquPvKBQ
02;jNsPTgA4nds
03;i-FYgfgn4  k
04;pt4-OubbcJc
05;pt4-OubbcJc
06;htsjQHeFyTE
07;htsjQHeFyTE
08;fqyZ2SidAfY
09;teJcxglGzes
10;mYqSotmAkeg
11;mYqSotmAkeg
12;hsxz3uHPlOQ
13;t4OumncEiKo
14;t4OumncEiKo
15;qSQRx1gveFE
16;suhfO-m4QGY
17;suhfO-m4QGY
18;oFGggkdppco
19;taQtqlwpoRs
20;taQtqlwpoRs
21;gQwxngpah-s
22;gQwxngpah-s
23;eeklduOaEt8
24;ffutRhsopwo
25;ffutRhsopwo
26;vnfqhGPyOF4
27;v1dph3AJ-ck
28;v1dph3AJ-ck
29;PhtcaxqzFcA
30;PhtcaxqzFcA
31;nxNBKdKn-Ew
32;tfxdonEmtTc
33;tfxdonEmtTc
34;gjvkyHhhAyY
35;NaFeEcpxobA
36;NaFeEcpxobA
37;zzKpFHEqO4w
38;lvkwizbyBBY
39;zSdqfvwFGmQ
40;zSdqfvwFGmQ
41;wP1moQm40yE
42;kn4mpvbmdyw
43;kn4mpvbmdyw
44;xtkyztGmPQs
45;-HiGJJsghyA
46;-HiGJJsghyA
47;zkokOkg1piQ
48;ylbQeBpp3Qk
49;ylbQeBpp3Qk
50;jBuqOyGuGlA
51;jBuqOyGuGlA
52;gKxcjqgHiFo
53;zapJeJZvyAg
54;tvmFomyhEYs
55;tvmFomyhEYs
56;fj3iywbEb1Q
57;vqloAjgr3mo
58;yxuFZiwzHG4
59;uNq Q-bgq g
;
00;uNq Q-bgq g
01;oaJf2uxK uA
02;q yoh-KbqQY
03;q yoh-KbqQY
04;xGiS2ZQirdo
05;y3GkxuJyYcs
06;y3GkxuJyYcs
07;kwSTiTkuhf4
08;whlRToeJ1bA
09;whlRToeJ1bA
10;PF-RHtRc2Go
11;PF-RHtRc2Go
12;Kl4oomaSllo
13;eqP1P1PQpJc
14;eqP1P1PQpJc
15;H-mJEc 2 Tg
16;A-eARjipxOE
17;PTtgupSquxg
18;PTtgupSquxg
19;G-aPgqpjGEc
20;G-aPgqpjGEc
21;xxSFFpeTpdQ
22;xxSFFpeTpdQ
23;oEmsYnkqFns
24;TibAhnZTAqg
25;TibAhnZTAqg
26;zH51oPE0Q-I
27;bwIlGZodBfw
28;bwIlGZodBfw
29;pZl2rOvRxsc
30;wSRcydgxkxg
31;wSRcydgxkxg
32;vhw inkc-AE
33;zpvZJOOAbbA
34;zpvZJOOAbbA
35;-wrAwGKqeus
36;wStBid4mkno
37;x uliInbqhk
38;x uliInbqhk
39;hlGid tskJk
40;wFHHjGkxFGY
41;wFHHjGkxFGY
42;zaumyfPx3Ao
43;zaumyfPx3Ao
44;Gv3ucNH1zYE
45;Gv3ucNH1zYE
46;ZcEAoZEoohE
47;ZcEAoZEoohE
48;oNxGFNaJByg
49;uZ4tdfqYxNs
50;udQRhdf4uQs
51;udQRhdf4uQs
52;ndK-itPSvBs
53;gykmon em2A
54;p xhAqbiz3A
55;yqdlruxh1tI
56;yhdmgjJ  QSE
57;yhdmgjJ  QSE
58;ebTEOGvnuwc
59;ebTEOGvnuwc
;
00;PvPTuiHcTyg
01;kvdu3GlqiAQ
02;miqZIZzHtwE
03;miqZIZzHtwE
04;evvumjwAvTQ
05;evvumjwAvTQ
06;vemghwoyAJI
07;vemghwoyAJI
08;zz1qITOyxSc
09;cGyyQfsvN-Y
10;cGyyQfsvN-Y
11;wSTxws1kAdo
12;wSTxws1kAdo
13;fmvdtJetwbQ
14;fmvdtJetwbQ
15;gsF-BQP-bQo
16;rrPhAsiRiQQ
17;rrPhAsiRiQQ
18;EigOKPTqpmQ
19;EigOKPTqpmQ
20;GBouxGf-T-w
21;qHPjiduaSEo
22;qHPjiduaSEo
23;ydt pRraJOc
24;fPHQQzJPlhc
25;fPHQQzJPlhc
26;ce1udO-OGQA
27;NF1gdujhPls
28;Px4vnbuelxs
29;tGjoqjbOusg
30;tGjoqjbOusg
31;luRyhE2rwug
32;yu aBPlGRBc
33;yu aBPlGRBc
34;ExPqGQyJPJw
35;ExPqGQyJPJw
36;sitHTBQPsRc
37;sitHTBQPsRc
38;lAyGvbBxwhc
39;qciqozxAgaQ
40;qciqozxAgaQ
41;nsNynguyBGk
42;feOqpcJ-zTA
43;FzEewEh EHw
44;FzEewEh EHw
45;4 ayqZGs
46;TKPqu-wktBw
47;TKPqu-wktBw
48;31ojdfiHblA
49;nFElHizOHu4
50;fboozhIoyEw
51;lcYpf- tqZc
52;lcYpf- tqZc
53;xSdlAkwhEEk
54;xSdlAkwhEEk
55;-wxjxtxGYhk
56;BfPT4ixsxjA
57;yeZuyI1m2Jg
58;sffqPRiApSc
59;sffqPRiApSc
;
00;bHpmaF-qts
01;hegAK-TNNgg
02;cPivZQZpbfA
03;cPivZQZpbfA
04;wYxcdqyBl3c
05;EGhcZlE-4Hk
06;tsistTTK1YQ
07;tsistTTK1YQ
08;oEdhYqfs3hg
09;oEdhYqfs3hg
10;S-KZ4BbEKco
11;zuTd2fUxHyg
12;prakKhiPfvE
13;RoFSqtrivFs
14;RoFSqtrivFs
15;qeJ-undA  iI
16;duOFuPFbGGQ
17;duOFuPFbGGQ
18;Jdo2Kqusdw
19;Tv1QbjNyPJA
20;Ouivipy-ZNE
21;zJTJ3HYxySw
22;KkdBEBKuabk
23;olhcjYtFxmg
24;olhcjYtFxmg
25;emFaiNYr-dE
26;zwdvQbUhsq0
27;giOBEZvZQoE
28;giOBEZvZQoE
29;Pkl lA1j Eo
30;Pkl lA1j Eo
31;vwiOoTNvtBQ
32;vwiOoTNvtBQ
33;OlnmOBHwjNg
34;a2rKgybGP w
35;rRrSaNH-R-A
36;rRrSaNH-R-A
37;cZGZYn2qq1Q
38;cZGZYn2qq1Q
39;seakAbF1Jfo
40;xzGBZudNwOY
41;xzGBZudNwOY
42;tfnFNvmwJxY
43;i-mwGpGvfjY
44;i-mwGpGvfjY
45;qTuF2ljzJlA
46;tS6m2kY-Epk
47;tS6m2kY-Epk
48;cf2T Skq1xc
49;mGHmYgkmJFs
50;bEOEQYiGFGs
51;bEOEQYiGFGs
52;sveFnwpKmPw
53;r2mlfuaebxc
54;ibddibakbSs
55;ibddibakbSs
56;dAztcH-zZQg
57;SpRvSR  oJJ4
58;uPHlSrR1kbE
59;oyah-NEt BY
;
00;oyah-NEt BY
01;qcugnluNcfo
02;qcugnluNcfo
03;lakfertrSTQ
04;GlQBnTgGous
05;b-yQwvPetQY
06;b-yQwvPetQY
07;otolHzENH3w
08;otolHzENH3w
09;uly-adxeZGk
10;uly-adxeZGk
11;zeOmSyiJqq4
12;zeOmSyiJqq4
13;HmaTAbyR-zE
14;ds  qcOBjtio
15;ds  qcOBjtio
16;dkHyH  t3  Pg
17;dkHyH  t3  Pg
18;jjIHvGAGwQ4
19;jjIHvGAGwQ4
20;EanOeKoT   E
21;EanOeKoT   E
22;rtHwxdBaEoA
23;rtHwxdBaEoA
24;lz-aAipGlZE
25;qn3srYvQpbs
26;e2ZnNfl  aeE
27;whkmB2trAak
28;whkmB2trAak
29;ougmhvyA  d4
30;tIimjsilduE
31;tIimjsilduE
32;v2QuiEZilas
33;v2QuiEZilas
34;I31dZqBJsww
35;vSBqlplZEo
36;vSBqlplZEo
37;zjhhBdusfmY
38;xtu-3oecteo
39;xtu-3oecteo
40;rZlGStO  EPs
41;rZlGStO  EPs
42;laGttpuPnwQ
43;laGttpuPnwQ
44;jkcydFx  gYo
45;zAyqABGsZqQ
46;zAyqABGsZqQ
47;qgqwHOwbnts
48;phmPJqJwoec
49;ob-oZqxtUus
50;sNsSnwg2loE
51;EjtpIBQ-  s
52;EjtpIBQ-  s
53;dEeYr  GGAdw
54;dEeYr  GGAdw
55;vtKiOZthsos
56;msAitFgarpc
57;msAitFgarpc
58;i22rHpjBHjE
59;u  melFtiOmQ
;
00;u  melFtiOmQ
01;p1mluujFcvc
02;p1mluujFcvc
03;yfmZ4ohlBGI
04;yfmZ4ohlBGI
05;GsK  bYcxjyE
06;roq8cUcw  Hk
07;yxx3Bkmv3ck
08;lYHepOyyzm4
09;lYHepOyyzm4
10;v0m4ZF2qAQ0
11;fcQQcpbkvJs
12;fcQQcpbkvJs
13;R wIkowrET4
14;jtIxpdbdHbE
15;jtIxpdbdHbE
16;-wwp Zi ezo
17;-wwp Zi ezo
18;gJbmR3I1iBs
19;xsgguhFelKs
20;xsgguhFelKs
21;hTgxxmRvxyg
22;OqQOaScdTJw
23;EyTtBHlxIys
24;EyTtBHlxIys
25;zsoOuQStd-k
26;1ocONrEwhlc
27;ddzTZBfuaBY
28;ddzTZBfuaBY
29;QpQpsGrvlEY
30;QpQpsGrvlEY
31;wltEkq1BjTc
32;sohfOvslPAs
33;sohfOvslPAs
34;rhedpNtqsQo
35;rhedpNtqsQo
36;BscAT  iQI1A
37;oSkiN  sdg1Q
38;wFhqqOE  dKg
39;wFhqqOE  dKg
40;w4kygohyojI
41;Zbkil4kutwI
42;Zbkil4kutwI
43;vGP  ABzmk1g
44;vGP  ABzmk1g
45;qcuc3rgwZAE
46;qcuc3rgwZAE
47;fHJchOtb2  A
48;fHJchOtb2  A
49;yWZ4mdOhhuk
50;h2yicpQqvds
51;h2yicpQqvds
52;govSEaEP4HA
53;qkyPvhapxQs
54;qkyPvhapxQs
55;tvmFEPiyJPk
56;qFHxkZdz4HA
57;tcbfqfgqigo
58;tcbfqfgqigo
59;aQiab -xtKg
;
00;aQiab -xtKg
01;oBRt3ZAadBY
02;swATo0S6PS0
03;qQkb-BmSsQg
04;qQkb-BmSsQg
05;s3ihrKGvyrE
06;sPiFysaglcs
07;sPiFysaglcs
08;lkbftbfHdKg
09;rSob4c-1hEw
10;dB4Jmyaooes
11;sOBAdKipu4c
12;aiAbwmzbGyA
13;aiAbwmzbGyA
14;eiA3byGTejA
15;eiA3byGTejA
16;ieOSRiRdG c
17;ieOSRiRdG c
18;bfevcsANSr4
19;bfevcsANSr4
20;zAP5dlvzqo0
21;muvcqunRN6E
22;uGtwBZ1vq2w
23;uGtwBZ1vq2w
24;sigIJw  -Aac
25;sigIJw  -Aac
26;kt3b-FvOTxo
27;kwFkkrRHrQo
28;xR2ZmPqG -s
29;xR2ZmPqG -s
30;kcgaKASuBqc
31;kcgaKASuBqc
32;ymi-oFkx rQ
33;qiBT–iZhIo
34;qiBT–iZhIo
35;oAopav-lHxE
36;oAopav-lHxE
37;G1wgGRcmxIE
38;nb qho0heJU
39;zEwSPecezJY
40;EvfqdqPloBQ
41;EvfqdqPloBQ
42;laQRlb4bnhs
43;laQRlb4bnhs
44;jQApnbths3o
45;EzZiv-jt4Y
46;aR qwbBOxw
47;aR qwbBOxw
48;ySzxfuHqilw
49;ySzxfuHqilw
50;tFtZ1jJqFfw
51;ScsfxTgGkHQ
52;tlS-SF ctOQ
53;tlS-SF ctOQ
54;OnsnZTYoe-c
55;OnsnZTYoe-c
56;vvw-8fnecwQ
57;pxO3p-bJivo
58;pxO3p-bJivo
59;OKpwPljtEAE
;
00;zoiwSs1inZE
01;zoiwSs1inZE
02;zAv3xfg sfA
03;zAv3xfg sfA
04;lvZABH3nuoc
05;v-omnt qPfk
06;lPq btcQiOE
07;lPq btcQiOE
08;wZ3oGTHUesA
09;e cuRyq-mlc
10;e cuRyq-mlc
11;EQQcOKfHpsQ
12;EQQcOKfHpsQ
13;ssHdFvOaz7A
14;m-aayo7wgpo
15;piFAQ4iPwgE
16;yvf-AhkpyEo
17;yvf-AhkpyEo
18;zAqmGcH-izA
19;zAqmGcH-izA
20;qipkv3siQlo
21;qipkv3siQlo
22;GjbqybEAYfc
23;ovjcpbIGjBA
24;ovjcpbIGjBA
25;f4IZBffdGQk
26;dvY1jiftQFA
27;spsE1To wjs
28;spsE1To wjs
29;ev2obEw4IHk
30;wJxxZP-EjbE
31;PEhbRdQ-QyE
32;PEhbRdQ-QyE
33;lcmcgOvvER4
34;jIsq fugwsE
35;jIsq fugwsE
36;FkaFcvAyvmg
37;FkaFcvAyvmg
38;eZJgTYylglE
39;vwYoYtEBAlE
40;cwaZTg4hIoA
41;iA4Khfro Kw
42;sAIjBAZoghA
43;wgixEn3EtNE
44;wgixEn3EtNE
45;ozbem kh4-A
46;rqQApxshzYE
47;ORxdRFssc-o
48;TfHy aEpmY
49;TfHy aEpmY
50;Ppqfczkfqlg
51;eadoBji JEE
52;eadoBji JEE
53;cmfpdAhBYaA
54;lPHPHAxlto
55;lPHPHAxlto
56;m d3BsoaQhE
57;b1fRZh2GiSc
58;lybsZGEotRw
59;lybsZGEotRw
;
00;dNcqAeEgohw
01;dNcqAeEgohw
02;ydiGAdjtvgs
03;ydiGAdjtvgs
04;sHJiOZTvOcc
05;sHJiOZTvOcc
06;y-FqyZjpSyA
07;y-FqyZjpSyA
08;mtysglpb-BI
09;mtysglpb-BI
10;wmu-nzbHH-Q
11;iQR YlsxdE
12;iQR YlsxdE
13;EbAwbFbrueY
14;fpEedKmOxxE
15;fpEedKmOxxE
16;HuF-uozGz A
17;yuBARdwxxow
18;yuBARdwxxow
19;d-sbT zwQSE
20;vABphmpqOQs
21;vABphmpqOQs
22;dRdrTOBohso
23;BqpsycrqTwA
24;pRWPR0JdyFE
25;HnsuuTqGPew
26;QqwdNwwQPqQ
27;gHEKsekTyKo
28;gHEKsekTyKo
29;rgAgqry-cok
30;rgAgqry-cok
31;pyaF-jSZeiQ
32;mKj-t2JoBJc
33;whmqtpFfpdw
34;whmqtpFfpdw
35;oEbTS4lzQOQ
36;oEbTS4lzQOQ
37;fdHmRkHS io
38;xiB1eejdgdQ
39;TdetZOGwwQE
40;lHiuGOHpmno
41;lHiuGOHpmno
42;upkfmifpZ4I
43;upkfmifpZ4I
44;bsQmoj2m2Yk
45;dFpqSnv avw
46;dFpqSnv avw
47;cGqEBvlmFAQ
48;cGqEBvlmFAQ
49;miwdmscuFfE
50;miwdmscuFfE
51;lcozsZuvatQ
52;ze-yx Zgpec
53;ze-yx Zgpec
54;mdwv-PzyeqE
55;mdwv-PzyeqE
56;vknsNgdKpdA
57;fxieKFowcjE
58;fxieKFowcjE
59;nOQNAzvZQnA
;
00;yasAwfAkcBg
01;yasAwfAkcBg
02;qYupippGfGc
03;qYupippGfGc
04;-tB adyqijA
05;bgAwgI1HZac
06;ukTHyklqyiE
07;ukTHyklqyiE
08;lmmh4lkvrTo
09;AntcEmvgqeY
10;AntcEmvgqeY
11;mivaYecxmzA
12;mivaYecxmzA
13;gfITTrl2b1w
14;cclcJoqpaSQ
15;cclcJoqpaSQ
16;ycelvHNQSwc
17;ycelvHNQSwc
18;v12tbjdoHIQ
19;kawt2AFceQ
20;vfa 2iRcTKs
21;apsFhzbOatA
22;apsFhzbOatA
23;wmJxKjiodxk
24;gyp2q2G GkQ
25;zeoovSB1dqk
26;zeoovSB1dqk
27;gQifzqaTTZg
28;zQgyou zIQs
29;zQgyou zIQs
30;jJBa-Jyxlzg
31;kgtuHlpn IE
32;qPZhwyvA4Oc
33;qPZhwyvA4Oc
34;oJjNvxhmj1s
35;avuHvnsRQrs
36;t3 uK-HElhk
37;cOmgslHwgpc
38;cOmgslHwgpc
39;PHwast nGsY
40;OSod P thiA
41;1Aam-YszHxs
42;RbcbpqFA cQ
43;RbcbpqFA cQ
44;To1plZGqg2c
45;BPZ4f-dKm s
46;v3PHeGEvbvQ
47;v3PHeGEvbvQ
48;rhP4mj xScw
49;SzGOyHbi-jw
50;N-nIQQuAhu4
51;N-nIQQuAhu4
52;hqaYlNBcpAw
53;hqaYlNBcpAw
54;jqQ1ltgp-tI
55;hlZhxpdxmPw
56;hlZhxpdxmPw
57;zSt2I-ekZ-E
58;bt-Ysloklak
59;bt-Ysloklak
;
00;bHqiYQqclHk
01;bHqiYQqclHk
02;tigocuoyJx4
03;gdOpyudgjmw
04;qpudqbOdKSQ
05;qpudqbOdKSQ
06;x   qGOHP-1A
07;x   qGOHP-1A
08;s1iZ1-e1SfA
09;dkoqvlGuzvQ
10;SyFxF4Nryfo
11;SyFxF4Nryfo
12;yxx3FhyzbFY
13;yxx3FhyzbFY
14;aiBRpdb1HxY
15;ipzshwvHcns
16;ipzshwvHcns
17;leTjElxNQEY
18;leTjElxNQEY
19;1bKHmmyfSwQ
20;fI  AQntrgic
21;n-dQdPeid  Q
22;n-dQdPeid  Q
23;TypFkTfl  ww
24;TypFkTfl  ww
25;TIif3wgdeaE
26;TIif3wgdeaE
27;RQ3odzdbB-A
28;v1x2  KHNTwA
29;v1x2  KHNTwA
30;knNvkGHbkQY
31;rJaqTGR3ARY
32;rJaqTGR3ARY
33;Zv-Y4cqvEhE
34;ugcozgEZv g
35;ugcozgEZv g
36;uvtoGPEAdsw
37;uvtoGPEAdsw
38;eyA4xxyydEo
39;eyA4xxyydEo
40;s2qrnT60Avg
41;y-OGGubZd1Q
42;OiHpu-mdcrQ
43;OiHpu-mdcrQ
44;q1uTYkOlGvE
45;GQRu ltP-uc
46;GQRu ltP-uc
47;ANeexOuTnAQ
48;ANeexOuTnAQ
49;w4qEBBRBmOc
50;w4qEBBRBmOc
51;w rhiQaGKbQ
52;w rhiQaGKbQ
53;lY-llZ2OAbE
54;lY-llZ2OAbE
55;azuQtpF-AnQ
56;bHaAeSnO HE
57;bHaAeSnO HE
58;geRymtZtmOo
59;geRymtZtmOo
;
00;wSGuy3-uGGo
01;BpetlIualbk
02;deqfqFgGKkE
03;unHlaSxOHwg
04;unHlaSxOHwg
05;xYq4vZsy ps
06;xYq4vZsy ps
07;vKTulaBSkJ4
08;vKTulaBSkJ4
09;vzk4xFyFfTE
10;vzk4xFyFfTE
11;PsSFiv-yobw
12;PsSFiv-yobw
13;tnAztNll2-A
14;yhPRkihs-Yg
15;yhPRkihs-Yg
16;uHtRju2EcsQ
17;uHtRju2EcsQ
18;o2bwsqvkKao
19;axi2khkpnHI
20;vovohmoiSSw
21;vovohmoiSSw
22;NlN-  yB1kac
23;-eb-fTTSiA4
24;wSTyK-b-tuo
25;wSTyK-b-tuo
26;rsixtgYdzeE
27;rsixtgYdzeE
28;3TtaBEabN  s
29;3TtaBEabN  s
30;FswnzwvOo1w
31;GF4HTGEpnlQ
32;OG2ZZbcxxTE
33;OG2ZZbcxxTE
34;vpcvxqrarF0
35;OTrYiQc3qjo
36;OTrYiQc3qjo
37;QObQcP  QlKQ
38;QObQcP  QlKQ
39;sJhsmqFQejg
40;sJhsmqFQejg
41;PSuQ–Zoyhs
42;oPGOawtaNNk
43;z0FjBPzYdpc
44;FnRS4dtyaoA
45;vaGmqdNcteE
46;vaGmqdNcteE
47;wPwqTSxhzr4
48;QijnwafQxeA
49;kHEgqFihe  o
50;kHEgqFihe  o
51;rQcav-3UblQ
52;fskFoqloxKk
53;fskFoqloxKk
54;xQlBew-mRdk
55;xQlBew-mRdk
56;rwbhtdKTEeE
57;AHuhzhtZT3E
58;iHyqvFgPRzA
59;txcxtmHvx1s
;
00;y1Ek-yBSlAw
01;y1Ek-yBSlAw
02;SxAHRwt-tAk
03;SxAHRwt-tAk
04;y0gFJaSBQEI
05;PqzlpzP-hvw
06;spoyklAkgg
07;spoyklAkgg
08;wdhtpZ2JZew
09;wdhtpZ2JZew
10;E2xBw2rrjro
11;E2xBw2rrjro
12;xxAQwd5bWlg
13;ZAqwFZFv4sc
14;xiKYv1rhqGg
15;ggsqvFsgoKk
16;ggsqvFsgoKk
17;aYAHGKtQqcQ
18;HbstbqnpwfI
19;HbstbqnpwfI
20;ujRImvE-Ou8
21;ujRImvE-Ou8
22;BcAZA2YREdg
23;BcAZA2YREdg
24;zUidhf6svZQ
25;Jt3xtStOnso
26;Jt3xtStOnso
27;mSjvsS-HdwA
28;mSjvsS-HdwA
29;ciSdcldorQ
30;ciSdcldorQ
31;1NlxBbBN-mE
32;QKHFbeQmHQQ
33;QKHFbeQmHQQ
34;ikctfKEwZZw
35;tOpEJR0 Ho0
36;mGsafpPhe2k
37;cynqY iFBwA
38;cynqY iFBwA
39;uQ3bbgbmkrI
40;uQ3bbgbmkrI
41;aypEx5gvOrE
42;ZcZfxuhqfqo
43;ZcZfxuhqfqo
44;cAN-aQHElEE
45;tdzetylTHFE
46;tdzetylTHFE
47;ebf2Gg2bsmw
48;v asAv8u-vE
49;agASFFHpZsw
50;mxmKuTqp dg
51;mxmKuTqp dg
52;xIyt6smw1vE
53;TzZSsyw3pPc
54;akb2K–asEA
55;tjwzSAOm lE
56;tjwzSAOm lE
57;iBHE-l2NOKw
58;bKgeqmmqNc
59;bKgeqmmqNc
;
00;gifrBZb 1tY
01;Pltaqfkpi-o
02;Pltaqfkpi-o
03;hdeuzHdtZAY
04;hdeuzHdtZAY
05;vSQrriirSNw
06;vSQrriirSNw
07;jqHFfe4Zj1A
08;dkhbdRhtaoo
09;sptjBekF-mg
10;sptjBekF-mg
11;hzekdsxBs2A
12;GsmtrGG4  bw
13;wpfneYne41E
14;tkTTgoHhkbQ
15;tkTTgoHhkbQ
16;slmbfx4Sodg
17;tOJ BdGsekc
18;sQjwvJuhOPE
19;sQjwvJuhOPE
20;xo4KGRldu-o
21;xo4KGRldu-o
22;oxmpUQ5AqNA
23;yBE8dmhtNdw
24;x-jEObj1EOA
25;x-jEObj1EOA
26;usFszlBw GE
27;usFszlBw GE
28;tpeqpfAowYY
29;oixhtoEYBQY
30;dz-3plw5dbU
31;dz-3plw5dbU
32;mhh4bAjryGc
33;gQAeuqq ydE
34;gQAeuqq ydE
35;SaJbbfvviQY
36;GwhKpaqOHxc
37;GwhKpaqOHxc
38;eHKoSEg Qqc
39;eHKoSEg Qqc
40;ocbx1cmOrOQ
41;ouQ121eGhos
42;ouQ121eGhos
43;-eenfpvEIHE
44;-eenfpvEIHE
45;q-rhmug3zyw
46;q-rhmug3zyw
47;indnHwaTko
48;indnHwaTko
49;BerRrzmeyic
50;BerRrzmeyic
51;rgOfiabA-gE
52;rgOfiabA-gE
53;vJorcluiylg
54;xphr-1B2iao
55;xphr-1B2iao
56;JugwkGHpkbY
57;JugwkGHpkbY
58;IbbtzGz2nuc
59;tHt-tEB-hdY
;
00;tHt-tEB-hdY
01;nJ4w1yaxTcc
02;nJ4w1yaxTcc
03;qoqmwz-Pkwk
04;qoqmwz-Pkwk
05;kuOhihQcASs
06;kuOhihQcASs
07;lmheIgzq2kk
08;ydxufx7yxNA
09;Ha-TFa-wxZw
10;Ha-TFa-wxZw
11;ycsFelfskpw
12;ycsFelfskpw
13;wcPzTr-BbAA
14;uawjxcKHkJY
15;oZeptvEaQwg
16;oZeptvEaQwg
17;pipoQkmbEPw
18;pipoQkmbEPw
19;sGftP2f-nqo
20;sGftP2f-nqo
21;stQSmj5xHPk
22;stQSmj5xHPk
23;wA4abGiOigE
24;RSplw-dOuas
25;RSplw-dOuas
26;xzSEjPm J4Q
27;woxrN2rrc6Q
28;3-fNPvlwkKo
29;KvAoGq21Ksc
30;KvAoGq21Ksc
31;QgEROTolbQA
32;QgEROTolbQA
33;pqY-rBBytAo
34;pqY-rBBytAo
35;jE2txaRhfrs
36;jE2txaRhfrs
37;zf-sRhp3wtw
38;xi-fdglSKwk
39;xi-fdglSKwk
40;phA mGxR4-A
41;-PhHceAvzJQ
42;lNqqlaucRso
43;lNqqlaucRso
44;YlTr3wglbpk
45;wOwqd3PlEiA
46;gdli-TTBElA
47;gdli-TTBElA
48;lAaoYTBzFGs
49;lAaoYTBzFGs
50;zvbtc31oEnQ
51;zvbtc31oEnQ
52;ydP bOGskbw
53;ydP bOGskbw
54;nboTFkNFqGA
55;rSFP rlS A
56;rSFP rlS A
57;yxoZNb3wHPw
58;yxoZNb3wHPw
59;tFnp 0lwo2k
;
00;vF5 g0NShYg
01;wldg-SSIw7s
02;jQAEOaARj3s
03;dSBsjQJvwcs
04;pntwvOdBeno
05;pntwvOdBeno
06;axKH2 wwqjA
07;-piTrbowbYs
08;-piTrbowbYs
09;qPvhIyG5EAQ
10;ikdG0QTlPR0
11;gnERtvheF2w
12;s3cBOlHBEAE
13;s3cBOlHBEAE
14;t iJQbFbe7o
15;GaAiOelrQwA
16;GaAiOelrQwA
17;qPgmRcBZyqc
18;qPgmRcBZyqc
19;vH3YBFshA1A
20;vH3YBFshA1A
21;ozBmSa2lBeo
22;fRpfuTQAyhI
23;fRpfuTQAyhI
24;mAd3etGsySQ
25;GNa gaq-2FQ
26;f2zjujSEPFE
27;yfmRxiPynNQ
28;yfmRxiPynNQ
29;lFng3sdevyo
30;lFng3sdevyo
31;Zd-xwwyiuYc
32;Zd-xwwyiuYc
33;zqblBq-fUJc
34;zqblBq-fUJc
35;w0OPewyNePA
36;ScvbulGKgdQ
37;siOxNGAx TQ
38;siOxNGAx TQ
39;fPja- dOPPg
40;ABBp-ikv GQ
41;vBxO0mncNQA
42;fQlPJmHZeYA
43;fQlPJmHZeYA
44;Evf3uJNxSTA
45;bc1kYKAfwhg
46;bc1kYKAfwhg
47;yhqKiH4b3hE
48;targHvzwy5I
49;hBwFOrndQ2Q
50;hBwFOrndQ2Q
51;dNzvA-7ZNws
52;huH-PzYKOaA
53;IH2mx1edoEk
54;waOkpHJc2Pg
55;waOkpHJc2Pg
56;K autmceJFo
57;yNN-SsfbB4A
58;yNN-SsfbB4A
59;FsuvimkuckQ
;
00;FsuvimkuckQ
01;llTOyPxaeoo
02;llTOyPxaeoo
03;nhE0ymwciHg
04;t4Fp2pQwgNg
05;J jQtQyPJOE
06;J jQtQyPJOE
07;r uBHmAhnfo
08;r uBHmAhnfo
09;eiretQENyr4
10;eiretQENyr4
11;aefvthRIt7A
12;aefvthRIt7A
13;OwbTq 4-jGg
14;vspaa1GAzbc
15;vspaa1GAzbc
16;PjpyfyETHaE
17;PjpyfyETHaE
18;xRKgGw0Yf7w
19;O-1gxufhyio
20;O-1gxufhyio
21;xId34mpqxBc
22;oKq3lhGwzdY
23;oKq3lhGwzdY
24;HaenjNBfphc
25;-xZpxtgg JI
26;woQHJO-HQio
27;woQHJO-HQio
28;TSyHqgSq ag
29;TSyHqgSq ag
30;y5NtZN pbcQ
31;OfQQvjSHmbg
32;OfQQvjSHmbg
33;yFp BN4mkbY
34;NYcqEqyOpk
35;qolnm2dA-Y
36;qolnm2dA-Y
37;tutZSvauyhE
38;tutZSvauyhE
39;ghgBTOvJhwE
40;awtaymTJBQ
41;awtaymTJBQ
42;13TTFhcRwmQ
43;ttqEsg7qf w
44;sak-taOOyYg
45;sak-taOOyYg
46;qZwzwmTdedY
47;qJHtyjTgHYA
48;qJHtyjTgHYA
49;AyeeJYx wHc
50;AyeeJYx wHc
51;-vGlrcayloE
52;-vGlrcayloE
53;hvRQyR1Nric
54;hvRQyR1Nric
55;whvHz4azNOA
56;whvHz4azNOA
57;TdJA3dtmh-A
58;YRld AKievg
59;-ndwmvIwQmo
;
00;-ndwmvIwQmo
01;j0wSohites0
02;zmPbzgu Gn4
03;zmPbzgu Gn4
04;pHv3phv3yNA
05;wpT3w2QWbkw
06;rqbc4nTivlg
07;rqbc4nTivlg
08;mbFkqanETTk
09;mbFkqanETTk
10;ctaaN1dJccI
11;qx  vmZbh8Bg
12;kxwbilQIyA
13;kxwbilQIyA
14;xbH1owYAz7A
15;BmNbZygqHpE
16;BmNbZygqHpE
17;v4T2xWgRZGw
18;lfd  gtrdgGg
19;lfd  gtrdgGg
20;1n-to3ahKtA
21;vaHOFd-KStk
22;vaHOFd-KStk
23;xm  -EYgQvlc
24;xm  -EYgQvlc
25;rr3bYslx-ec
26;IqZlim  yoww
27;IqZlim  yoww
28;luA4GtJxE20
29;srScJAs2i1c
30;srScJAs2i1c
31;yTg1EPJa1  s
32;yTg1EPJa1  s
33;spvbAObyqwo
34;spvbAObyqwo
35;mf2keggHpyc
36;kuAviEmmoP4
37;kuAviEmmoP4
38;-sdJ2JdtlGY
39;zmaRs5Q3gOw
40;AaGezzEkEag
41;aFuiJhcff3Q
42;ozqlcZqtgrg
43;grefAhSvcvc
44;grefAhSvcvc
45;qSeotyOZEZA
46;qSeotyOZEZA
47;zfhna4Wuxdc
48;-scOr4rmGNc
49;-scOr4rmGNc
50;qZb rxOlRs4
51;qZb rxOlRs4
52;ewdeEGoaANI
53;ewdeEGoaANI
54;tcl2oe1-pxI
55;tcl2oe1-pxI
56;v  QqpeRbc k
57;v  QqpeRbc k
58;mai uYRTgxQ
59;mai uYRTgxQ
;
00;oJ-Be8vJPbA
01;Rxgf2s-QJYA
02;Rxgf2s-QJYA
03;FG1QnwBBP2E
04;Qhoq -Hl4gY
05;Qhoq -Hl4gY
06;xHiBtaBuhI4
07;y8jcgyBpnPo
08;svb1JvgxAOw
09;svb1JvgxAOw
10;vlsSQwsjvEk
11;vlsSQwsjvEk
12;KhlBziyisdg
13;BOoG1FoqynA
14;BOoG1FoqynA
15;fOqO2yiqnsc
16;zQxixvjQBOY
17;zQxixvjQBOY
18;lAbStfySPlc
19;lAbStfySPlc
20;Q-BcAB3JeGk
21;xfvGpm-ERQU
22;wA1K5oRdsvk
23;pxImOyJq1x4
24;tArFzilwatw
25;tArFzilwatw
26;gycjSHbdwSc
27;tcpplFkwSok
28;tcpplFkwSok
29;kpo hmKhB3g
30;wOvY-lq4TBE
31;wOvY-lq4TBE
32;wxkYqltzm A
33;ckGupKeisQw
34;ckGupKeisQw
35;ANeyxntEQxQ
36;ANeyxntEQxQ
37;tHmlEylrO1E
38;xxabxIt2oow
39;xxabxIt2oow
40;fl4txxhlpFE
41;xiuEx5pQkRc
42;aBmvxiP-PNw
43;dlmpmtHnnEI
44;dlmpmtHnnEI
45;Hh3BAyAjxkw
46;GwinnRsBQR4
47;GwinnRsBQR4
48;ooj4cOBSHaQ
49;uuwsyqp-wwk
50;uuwsyqp-wwk
51;pAkjkG-E4dE
52;sssqc1Qoknc
53;Km-us xvamY
54;Km-us xvamY
55;aAwkEgIQvyo
56;aAwkEgIQvyo
57;mdNsjoQ-iO4
58;FKuObKhqQrA
59;FKuObKhqQrA
;
00;tPAjY  lZzYo
01;ElanOZfZGsQ
02;ElanOZfZGsQ
03;pHiK4sAzeKc
04;pHiK4sAzeKc
05;v4wohAa-dPg
06;v4wohAa-dPg
07;KKawRlBeftE
08;kamyxB-yKrc
09;kamyxB-yKrc
10;bpnwRGpbhno
11;bpnwRGpbhno
12;j  E1  j0dHqk
13;ZPImchaxn2Q
14;-jyEahOy4Tg
15;HyHGATyynmI
16;HyHGATyynmI
17;xPA5juzIEZs
18;aHOmfbngyBs
19;aHOmfbngyBs
20;G3E1AjGw  Pc
21;G3E1AjGw  Pc
22;FEclp1gba1E
23;FEclp1gba1E
24;-1eKoQGjjhE
25;sugfhgIkwac
26;sugfhgIkwac
27;nxOjtihOl-s
28;ccNbsxeetdc
29;jqvFxJEJbtg
30;jqvFxJEJbtg
31;wbR4fJ e  vw
32;QdGBr3yzagg
33;aJpljm-mziY
34;aJpljm-mziY
35;wHv af-ScFw
36;xzBGEAdG-Tg
37;xzBGEAdG-Tg
38;rztcb-sbEE4
39;nilQjgsEGN4
40;qBOHvRQ3orE
41;qBOHvRQ3orE
42;uKnoo-s1c2I
43;wQWygif5dck
44;wQWygif5dck
45;iQA0sfA3ZEc
46;I1sfslgQ mw
47;I1sfslgQ mw
48;IwJbb0tQq7s
49;wune-PzwoQg
50;wune-PzwoQg
51;jOdkbOPiqsE
52;4jgoAfPWFzo
53;wrNAF5pbFNc
54;wrNAF5pbFNc
55;eEoSwgeBqhY
56;eEoSwgeBqhY
57;IqwzZwTyeyo
58;wfnEO1E2hsU
59;FokvtHumQag
;
00;FokvtHumQag
01;cSZFdJfT-so
02;cSZFdJfT-so
03;uQRS-Jqp0oA
04;pkbkTTtmhhw
05;pkbkTTtmhhw
06;u HcNlmOSwg
07;u HcNlmOSwg
08;draqd3ETFPE
09;SRjg Aaq3bg
10;FzbQh-d4Tto
11;vqkcyp tI-A
12;vqkcyp tI-A
13;OwJngGTwn2o
14;p4qEHZlzHog
15;p4qEHZlzHog
16;ngOaItfq-6k
17;Ee-QEJndBJE
18;Ee-QEJndBJE
19;wZohsGGmtEk
20;wZohsGGmtEk
21;G3GEJpvkEmc
22;wcTxGTwceJo
23;wcTxGTwceJo
24;qbSJzHQYols
25;k4pZg-Q PHc
26;f1hqHvR3FdE
27;xrbuhOuTKFk
28;xrbuhOuTKFk
29;lrpmEejhTAw
30;HkthxdutBnA
31;um3 QAQcwP4
32;laaQdZbsGZE
33;laaQdZbsGZE
34;glZYGy2ouSE
35;glZYGy2ouSE
36;yEi3aKJdeO0
37;yEi3aKJdeO0
38;pbsnuJq1Wq4
39;pbsnuJq1Wq4
40;YshJBTypvEA
41;beKfByBlAhQ
42;beKfByBlAhQ
43;hfhY BwB7fs
44;QihseRRApI4
45;QihseRRApI4
46;y8nhcmwyoqQ
47;q3dqiRpGgGs
48;q3dqiRpGgGs
49;j1tbcogawSQ
50;yq0pt Y frk
51;zGgwahbqahU
52;zGgwahbqahU
53;ggRPnFuu-Qs
54;ggRPnFuu-Qs
55;QhqbbmP4uc
56;QhqbbmP4uc
57;ngf2GoEFJPE
58;ngf2GoEFJPE
59;uG tQKQbjAY
;
00;uG tQKQbjAY
01;wHJmcFvEnTA
02;NTocsiSFfys
03;NTocsiSFfys
04;-J ihyPlOxw
05;rexKPqsy5vQ
06;JmhZfYJSuqs
07;ncmiFPhxiro
08;mauh YQKhgE
09;mauh YQKhgE
10;pj-B-SbpJiA
11;pj-B-SbpJiA
12;QyaGi1wYQgc
13;QyaGi1wYQgc
14;Nihjfvmx so
15;jaqSimTYjk
16;uJTG2OQOl-w
17;uJTG2OQOl-w
18;nvu IgvoGE4
19;xfp n5Tyryw
20;lTPPipSAenw
21;lTPPipSAenw
22;rrNat-3H-Ew
23;rrNat-3H-Ew
24;hTj2SGPkKtg
25;kx larKYpAQ
26;kx larKYpAQ
27;slauSOa5-Qw
28;2v- TGTklFQ
29;2v- TGTklFQ
30;hnTGzYgumaI
31;tchOzeivZo0
32;lPlR- ocdTQ
33;wAxyheoixmc
34;wAxyheoixmc
35;wPp7jbuJOHo
36;wKq2kbqtf3A
37;HFtTSPjpj c
38;HFtTSPjpj c
39;wFvzs2P1hHQ
40;wFvzs2P1hHQ
41;ZebJ2PE1ztg
42;T BtuitQh w
43;T BtuitQh w
44;ry4Kkuxx4F0
45;YduEfbzpdOQ
46;YduEfbzpdOQ
47;dqdRKFgoPfc
48;dqdRKFgoPfc
49;bHmAqtibTiI
50;ouYqANH8hlA
51;y7UZHEHhdek
52;RopkEy-EycA
53;RopkEy-EycA
54;qBw1hEEqZS0
55;xmg5axAQiyw
56;xmg5axAQiyw
57;plUsAQuaBZ0
58;plUsAQuaBZ0
59;hcB-w 3FHxQ
;
00;hcB-w  3FHxQ
01;Bs1HxF2zuzk
02;bnNI-cdxirQ
03;ppAPdFagHzE
04;ppAPdFagHzE
05;aZgdFncg1ss
06;wfNJmNGcsEQ
07;wfNJmNGcsEQ
08;lucajYNfFc8
09;B6AQhpFkgfQ
10;q4tGzHNuONQ
11;q4tGzHNuONQ
12;sKrdk4xwdBo
13;sKrdk4xwdBo
14;fx1do3YRPsE
15;fx1do3YRPsE
16;eFnlOA8-jdA
17;OtA4AEl KJk
18;OtA4AEl KJk
19;u1AjQxdb3Hc
20;u1AjQxdb3Hc
21;dQKotAHphKE
22;dQKotAHphKE
23;fQQJr-tEaJE
24;ln0ff5dZe0c
25;wx3wr2ZrSYA
26;wx3wr2ZrSYA
27;vQRiJthf6a0
28;yw7AfY0fihA
29;yw7AfY0fihA
30;xj3b3  Gpius
31;wiGjv-aOlhE
32;wiGjv-aOlhE
33;IAfz1PcxAyo
34;bdAxwEApy  Q
35;bdAxwEApy  Q
36;yuoq  YeIBxc
37;rTaE  HS  2ik
38;NP-bZmvOzhA
39;NP-bZmvOzhA
40;PBqjFihluag
41;PBqjFihluag
42;zNdQy3yyBgQ
43;ougEbiPYG2c
44;yn2bGA-nZAA
45;yn2bGA-nZAA
46;qqsZ  J3fm-A
47;Zf0lOv  ZIn4
48;ZAgZv10jIbo
49;gOqe2olOSuc
50;gOqe2olOSuc
51;ciZ0v8rGabo
52;ciZ0v8rGabo
53;xgwc4fsipJs
54;xgwc4fsipJs
55;k3Odpd3EFAE
56;FS6cFHTI1uk
57;FS6cFHTI1uk
58;zOh06yNeboc
59;zOh06yNeboc
;
00;O-RRxsorbPg
01;ladYOoihTHk
02;ladYOoihTHk
03;IBElwAz3O5s
04;kS2sGozZxZc
05;PpzFEyFxtoo
06;PpzFEyFxtoo
07;rxTt2yY31cs
08;wZmc7Egwfpc
09;wZmc7Egwfpc
10;YhBwhuqFqjw
11;YhBwhuqFqjw
12;hRp2iaks fg
13;peGgwq7uJ U
14;idhgcpHBvuo
15;idhgcpHBvuo
16;dfYKdPPxG o
17;NNmy-vuwxrc
18;NNmy-vuwxrc
19;OEo ug8EQbU
20;SfkphhQtEys
21;SfkphhQtEys
22;vwrTyHPe2QE
23;geFJKtFisPA
24;geFJKtFisPA
25;zowrvPh6xcs
26;ukbiPBR2-GI
27;hW-ynfpmcj4
28;hW-ynfpmcj4
29;HArS1HmjruQ
30;HArS1HmjruQ
31;ediic2HnGco
32;ediic2HnGco
33;qQiwgEQNfQs
34;qQiwgEQNfQs
35;GGGrmu cYto
36;yZiWeGlNHug
37;GZFuHnwGZNc
38;GZFuHnwGZNc
39;swiSjPF ii4
40;yn lOfckS4o
41;yn lOfckS4o
42;snNs6Weqtzw
43;IlppNGAeafE
44;nn OOeNcPnw
45;nn OOeNcPnw
46;4dK-BcpcnGw
47;a3FJiyeRrew
48;a3FJiyeRrew
49;H4 TtauZHaw
50;4kT-Ggvygc0
51;nGEO aozx8w
52;nGEO aozx8w
53;vgmYHte2Grs
54;vgmYHte2Grs
55;PsyZzsKcvic
56;PsyZzsKcvic
57;AiOzg qNuT4
58;AiOzg qNuT4
59;oOBPSkdqZZo
;
00;oOBPSkdqZZo
01;HO  uATipTtg
02;iA  liuSEKwk
03;iA  liuSEKwk
04;AbBF-faYffc
05;vzZH-OoHuyo
06;vzZH-OoHuyo
07;mir7GitnpuE
08;swcjch2KKIo
09;swcjch2KKIo
10;f-2EezHkGOs
11;f-2EezHkGOs
12;hPGtjxFKc50
13;quk0P8dl OY
14;hNmFAeHOeBE
15;hNmFAeHOeBE
16;mvlwbkW-p0A
17;jsEhj-cjrPE
18;jsEhj-cjrPE
19;qtaQjlsquwc
20;qtaQjlsquwc